-- metricsRuncheck project expects this schema to be of already created by running here ..

 -- DROP TABLE IF EXISTS  APPLICATIONS;
 -- DROP TABLE IF EXISTS  EVENTMAPPING;
 -- DROP TABLE IF EXISTS  GRAPHMAPPING ;
 -- DROP TABLE IF EXISTS  METRICSLA;
 -- DROP TABLE IF EXISTS  RUNS;
 -- DROP TABLE IF EXISTS  SLA;
 -- DROP TABLE IF EXISTS  TESTTRANSACTIONS;
 -- DROP TABLE IF EXISTS  TRANSACTION ;


CREATE TABLE IF NOT EXISTS APPLICATIONS (
  APPLICATION varchar(32) NOT NULL DEFAULT '',
  ACTIVE char(1) DEFAULT NULL,
  COMMENT varchar(256) DEFAULT NULL,
  PRIMARY KEY (APPLICATION),
  UNIQUE KEY APPLICATION (APPLICATION)
); 


CREATE TABLE IF NOT EXISTS EVENTMAPPING (
  TXN_TYPE varchar(64) NOT NULL DEFAULT '',
  METRIC_SOURCE varchar(64) NOT NULL DEFAULT '',
  MATCH_WHEN_LIKE varchar(150) NOT NULL DEFAULT '',
  TARGET_NAME_LB varchar(128) DEFAULT NULL,
  TARGET_NAME_RB varchar(128) DEFAULT NULL,
  IS_PERCENTAGE varchar(1) DEFAULT NULL,
  IS_INVERTED_PERCENTAGE varchar(1) DEFAULT NULL,
  PERFORMANCE_TOOL varchar(45) NOT NULL,
  COMMENT varchar(150) DEFAULT NULL,
  PRIMARY KEY (METRIC_SOURCE,MATCH_WHEN_LIKE,PERFORMANCE_TOOL)
);


CREATE TABLE IF NOT EXISTS GRAPHMAPPING (
  LISTORDER int DEFAULT '0',
  GRAPH varchar(64) NOT NULL DEFAULT '',
  TXN_TYPE varchar(64) DEFAULT NULL,
  VALUE_DERIVATION varchar(64) DEFAULT NULL,
  UOM_DESCRIPTION varchar(64) DEFAULT NULL,
  BAR_RANGE_SQL varchar(2048) DEFAULT NULL,
  BAR_RANGE_LEGEND varchar(64) DEFAULT NULL,
  COMMENT varchar(128) DEFAULT NULL,
  PRIMARY KEY (GRAPH)
);


CREATE TABLE IF NOT EXISTS METRICSLA (
  APPLICATION varchar(32) NOT NULL DEFAULT '',
  METRIC_NAME varchar(128) NOT NULL DEFAULT '',
  METRIC_TXN_TYPE varchar(64) NOT NULL DEFAULT '',
  VALUE_DERIVATION varchar(64) NOT NULL DEFAULT '',
  SLA_MIN decimal(18,3) DEFAULT NULL,
  SLA_MAX decimal(18,3) DEFAULT NULL,
  IS_ACTIVE char(1) DEFAULT NULL,
  COMMENT varchar(128) DEFAULT NULL,
  PRIMARY KEY (APPLICATION,METRIC_NAME,METRIC_TXN_TYPE,VALUE_DERIVATION)
);


CREATE TABLE IF NOT EXISTS RUNS (
  APPLICATION varchar(32) NOT NULL DEFAULT '',
  RUN_TIME char(12) NOT NULL DEFAULT '',
  LRS_FILENAME varchar(128) DEFAULT NULL,
  PERIOD varchar(128) DEFAULT NULL,
  DURATION varchar(45) DEFAULT NULL,
  BASELINE_RUN char(1) DEFAULT NULL,
  COMMENT varchar(128) DEFAULT NULL,
  PRIMARY KEY (APPLICATION,RUN_TIME),
  UNIQUE KEY RUN (APPLICATION,RUN_TIME)
);


CREATE TABLE IF NOT EXISTS SLA (
  TXN_ID varchar(128) NOT NULL DEFAULT '',
  APPLICATION varchar(32) NOT NULL DEFAULT '',
  IS_TXN_IGNORED varchar(1) DEFAULT NULL,
  SLA_90TH_RESPONSE decimal(12,3) DEFAULT NULL,
  SLA_PASS_COUNT bigint DEFAULT NULL,
  SLA_PASS_COUNT_VARIANCE_PERCENT decimal(12,3) DEFAULT NULL,
  SLA_FAIL_COUNT bigint DEFAULT NULL,
  SLA_FAIL_PERCENT decimal(12,3) DEFAULT NULL,
  SLA_REF_URL varchar(1024) DEFAULT NULL,
  COMMENT varchar(128) DEFAULT NULL,  
  PRIMARY KEY (TXN_ID,APPLICATION)
);

 
CREATE TABLE IF NOT EXISTS TESTTRANSACTIONS (
  APPLICATION varchar(32) DEFAULT NULL,
  RUN_TIME char(12) DEFAULT NULL,
  TXN_ID varchar(128) DEFAULT NULL,
  TXN_TYPE varchar(32) DEFAULT NULL,
  TXN_RESULT decimal(18,6) NOT NULL,
  TXN_PASSED varchar(4) DEFAULT NULL,
  TXN_EPOCH_TIME varchar(13) DEFAULT NULL,
  INDEX (APPLICATION,RUN_TIME,TXN_ID,TXN_TYPE)
);
 

CREATE TABLE IF NOT EXISTS TRANSACTION (
  APPLICATION varchar(32) NOT NULL DEFAULT '',
  RUN_TIME char(12)  NOT NULL DEFAULT '',
  TXN_ID varchar(128)  NOT NULL DEFAULT '',
  TXN_TYPE varchar(32)  NOT NULL DEFAULT '',
  TXN_MINIMUM decimal(18,3) NOT NULL,
  TXN_AVERAGE decimal(18,3) NOT NULL,
  TXN_MAXIMUM decimal(18,3) NOT NULL,
  TXN_STD_DEVIATION decimal(18,3) NOT NULL,
  TXN_90TH decimal(18,3) NOT NULL,
  TXN_PASS bigint NOT NULL,
  TXN_FAIL bigint NOT NULL,
  TXN_STOP bigint NOT NULL,
  TXN_FIRST decimal(18,3) NOT NULL DEFAULT '-1.000',
  TXN_LAST decimal(18,3) NOT NULL DEFAULT '-1.000',
  TXN_SUM decimal(18,3) NOT NULL DEFAULT '-1.000',
  PRIMARY KEY (APPLICATION, RUN_TIME, TXN_ID, TXN_TYPE)
);


INSERT IGNORE INTO APPLICATIONS VALUES ('DataHunter','Y','');
INSERT IGNORE INTO APPLICATIONS VALUES ('DataHunterDistributed','Y','');

INSERT IGNORE INTO EVENTMAPPING VALUES ('CPU_UTIL','Jmeter_CPU_UTIL','%','','','N','N','Jmeter','cpu util catch-all'),('CPU_UTIL','Jmeter_CPU_UTIL','CPU_%','CPU_','','Y','N','Jmeter','server-metrics cpu capture'),('DATAPOINT','Jmeter_DATAPOINT','%','','','N','N','Jmeter','datapoint catch-all'),('CPU_UTIL','Jmeter_DATAPOINT','% CPU','','','Y','N','Jmeter','Perfmon based metric (under DEVELOPMENT!)'),('MEMORY','Jmeter_DATAPOINT','%Memory usedperc%','','','Y','N','Jmeter','Perfmon based metric (under DEVELOPMENT!)'),('DATAPOINT','Jmeter_DATAPOINT','DATAHUNTER_PV_TEST%','DATAHUNTER_PV_TEST_','','N','N','Jmeter','Just for the datahunter test'),('MEMORY','Jmeter_MEMORY','%','','','N','N','Jmeter','memory catch-all'),('DATAPOINT','Loadrunner_DataPoint','SOME_EXACT_VALUE','','','N','N','Loadrunner','sample only'),('CPU_UTIL','Loadrunner_DataPoint','UTC_NEW_RELIC_SERVER_CPU%','','','Y','N','Loadrunner','sample only'),('MEMORY','Loadrunner_DataPoint','UTC_NEW_RELIC_SERVER_MEMORY%','','','Y','N','Loadrunner','sample only'),('CPU_UTIL','Loadrunner_SiteScope','% LPARSTAT/idle','/CPU/',' LPARSTAT/idle','Y','Y','Loadrunner','sample only'),('DATAPOINT','Loadrunner_SiteScope','%/Docker%/Memory/% FREE/free%','/Memory/','/free','N','N','Loadrunner','sample only'),('MEMORY','Loadrunner_SiteScope','%Memory/% - Memory/percent used%','Memory/',' - Memory','Y','N','Loadrunner','sample only'),('CPU_UTIL','Loadrunner_SiteScope','%SERVER METRICS/%/CPU/LPARSTAT %/idle','/LPARSTAT ','/idle','Y','Y','Loadrunner','sample only');

INSERT IGNORE INTO GRAPHMAPPING VALUES (10,'TXN_90TH','TRANSACTION','90th','secs','SELECT TXN_ID, TXN_90TH - TXN_STD_DEVIATION AS BAR_MIN, TXN_90TH+TXN_STD_DEVIATION AS BAR_MAX FROM TRANSACTION WHERE TXN_TYPE = ''TRANSACTION'' AND RUN_TIME = @runTime AND APPLICATION = @application','+/- One Standard Deviation from 90th (secs)','');
INSERT IGNORE INTO GRAPHMAPPING VALUES (20,'TXN_PASS','TRANSACTION','Pass','txn count','select TXN_ID, SLA_PASS_COUNT-SLA_PASS_COUNT*SLA_PASS_COUNT_VARIANCE_PERCENT*0.01 as BAR_MIN,SLA_PASS_COUNT+SLA_PASS_COUNT*SLA_PASS_COUNT_VARIANCE_PERCENT*0.01 as BAR_MAX from SLA where SLA_PASS_COUNT>0 and SLA.APPLICATION = @application ','SLA Pass Rates :  Minimum to Maximum','');
INSERT IGNORE INTO GRAPHMAPPING VALUES (30,'TXN_FAIL','TRANSACTION','Fail','txn count','','','');
INSERT IGNORE INTO GRAPHMAPPING VALUES (40,'TXN_FAIL_PERCENT','TRANSACTION','COALESCE( 100*TXN_FAIL/(TXN_PASS+TXN_FAIL) , -1)','% txn failed',NULL,NULL,'calculated  using pass and fail');
INSERT IGNORE INTO GRAPHMAPPING VALUES (50,'TXN_STOP','TRANSACTION','Stop','txn count',NULL,NULL,'');
INSERT IGNORE INTO GRAPHMAPPING VALUES (60,'TXN_MINIMUM','TRANSACTION','Minimum','secs',NULL,NULL,'');
INSERT IGNORE INTO GRAPHMAPPING VALUES (70,'TXN_AVERAGE','TRANSACTION','Average','secs',' SELECT TXN_ID, TXN_AVERAGE - TXN_STD_DEVIATION AS BAR_MIN, TXN_AVERAGE + TXN_STD_DEVIATION AS BAR_MAX FROM TRANSACTION WHERE TXN_TYPE = ''TRANSACTION'' AND RUN_TIME = @runTime AND APPLICATION = @application','One Standard Deviation from Ave (secs)','');
INSERT IGNORE INTO GRAPHMAPPING VALUES (80,'TXN_MAXIMUM','TRANSACTION','Maximum','secs',NULL,NULL,'');
INSERT IGNORE INTO GRAPHMAPPING VALUES (90,'TXN_STD_DEVIATION','TRANSACTION','StdDeviation','StdDeviation',NULL,NULL,'');
INSERT IGNORE INTO GRAPHMAPPING VALUES (100,'DATAPOINT_AVE','DATAPOINT','Average','ave','SELECT METRIC_NAME AS TXN_ID, SLA_MIN AS BAR_MIN, SLA_MAX AS BAR_MAX FROM METRICSLA WHERE METRIC_TXN_TYPE = ''DATAPOINT'' AND VALUE_DERIVATION = ''Average'' AND APPLICATION = @application','Datapoint average : Minimum to Maximum','');
INSERT IGNORE INTO GRAPHMAPPING VALUES (110,'DATAPOINT_SUM','DATAPOINT','Sum','total sum','SELECT METRIC_NAME AS TXN_ID, SLA_MIN AS BAR_MIN, SLA_MAX AS BAR_MAX FROM METRICSLA WHERE METRIC_TXN_TYPE = ''DATAPOINT'' AND VALUE_DERIVATION = ''Sum'' AND APPLICATION = @application','Datapoint sum : Minimum to Maximum','sum of all the dp values');
INSERT IGNORE INTO GRAPHMAPPING VALUES (120,'DATAPOINT_LAST','DATAPOINT','Last','final datapoint','SELECT METRIC_NAME AS TXN_ID, SLA_MIN AS BAR_MIN, SLA_MAX AS BAR_MAX FROM METRICSLA WHERE METRIC_TXN_TYPE = ''DATAPOINT'' AND VALUE_DERIVATION = ''Last'' AND APPLICATION = @application','Final Datapoint : Minimum to Maximum','final datapoint of a set of datapoints');
INSERT IGNORE INTO GRAPHMAPPING VALUES (130,'CPU_BOTTLENECKED','CPU_UTIL','PercentOver90','% time server bottlednecked (utilization > 90%)','SELECT METRIC_NAME AS TXN_ID, SLA_MIN AS BAR_MIN, SLA_MAX AS BAR_MAX FROM METRICSLA WHERE METRIC_TXN_TYPE = ''CPU_UTIL'' AND VALUE_DERIVATION = ''PercentOver90'' AND APPLICATION = @application ','SLA % Time Server Bottlenecked  :  Minimum to Maximum','server botlenecked indicator');
INSERT IGNORE INTO GRAPHMAPPING VALUES (140,'CPU_UTIL','CPU_UTIL','Average','% utilization','SELECT METRIC_NAME AS TXN_ID, SLA_MIN AS BAR_MIN, SLA_MAX AS BAR_MAX FROM METRICSLA WHERE METRIC_TXN_TYPE = ''CPU_UTIL'' AND VALUE_DERIVATION = ''Average'' AND APPLICATION = @application','SLA % Server Utilizations  :  Minimum to Maximum','user util (= 100-idleW');
INSERT IGNORE INTO GRAPHMAPPING VALUES (150,'MEMORY','MEMORY','Average','','SELECT METRIC_NAME AS TXN_ID, SLA_MIN AS BAR_MIN, SLA_MAX AS BAR_MAX FROM METRICSLA WHERE METRIC_TXN_TYPE = ''MEMORY'' AND VALUE_DERIVATION = ''Average'' AND APPLICATION = @application','Memory Metrics : Minimum to Maximum','Uom may vary');

INSERT IGNORE INTO METRICSLA VALUES ('DataHunter','Total_Unused_Policy_Count','DATAPOINT','Last',3.000,30.000,'Y','');
INSERT IGNORE INTO METRICSLA VALUES ('DataHunter','localhost','CPU_UTIL','Average',5.000,60.000,'Y','');
INSERT IGNORE INTO METRICSLA VALUES ('DataHunter','localhost','CPU_UTIL','PercentOver90',0.000,10.000,'Y','');
INSERT IGNORE INTO METRICSLA VALUES ('DataHunterDistributed','Total_Unused_Policy_Count','DATAPOINT','Last',3.000,30.000,'Y','');
INSERT IGNORE INTO METRICSLA VALUES ('DataHunterDistributed','localhost','CPU_UTIL','Average',5.000,60.000,'Y','');
INSERT IGNORE INTO METRICSLA VALUES ('DataHunterDistributed','localhost','CPU_UTIL','PercentOver90',0.000,10.000,'Y','');

INSERT IGNORE INTO SLA VALUES ('DH-lifecycle-0100-deleteMultiplePolicies','DataHunter','N',0.400,30,20.000,-1,2.000,'<a href=''http://localhost:8080/metrics/sampleReport/DataHunter_Result%20_370.html''>Run 370</a>','');
INSERT IGNORE INTO SLA VALUES ('DH-lifecycle-0200-addPolicy','DataHunter','N',0.400,100,20.000,-1,2.000,'<a href=''http://localhost:8080/metrics/sampleReport/DataHunter_Result%20_370.html''>Run 370</a>','');
INSERT IGNORE INTO SLA VALUES ('DH-lifecycle-0299-sometimes-I-fail','DataHunter','N',0.100,20,40.000,-1,-1.000,'<a href=''http://localhost:8080/metrics/sampleReport/DataHunter_Result%20_370.html''>Run 370</a>','');
INSERT IGNORE INTO SLA VALUES ('DH-lifecycle-0300-countUnusedPolicies','DataHunter','N',0.400,20,20.000,-1,2.000,'<a href=''http://localhost:8080/metrics/sampleReport/DataHunter_Result%20_370.html''>Run 370</a>','');
INSERT IGNORE INTO SLA VALUES ('DH-lifecycle-0500-useNextPolicy','DataHunter','N',0.400,20,20.000,-1,2.000,'<a href=''http://localhost:8080/metrics/sampleReport/DataHunter_Result%20_370.html''>Run 370</a>','');
INSERT IGNORE INTO SLA VALUES ('DH-lifecycle-9999-finalize-deleteMultiplePolicies','DataHunter','N',0.400,4,50.000,-1,2.000,'<a href=''http://localhost:8080/metrics/sampleReport/DataHunter_Result%20_370.html''>Run 370</a>','');

INSERT IGNORE INTO RUNS VALUES ('DataHunter','201909051309','na','20190905_130941 - 20190905_131058','1','N',''),('DataHunter','201909051337','na','20190905_133716 - 20190905_133843','1','N',''),('DataHunter','201909051346','na','20190905_134607 - 20190905_134726','1','N',''),('DataHunter','201909051453','na','20190905_145338 - 20190905_145457','1','Y','Set Baseline SLAs '),('DataHunter','201909051607','na','20190905_160748 - 20190905_160912','1','N',''),('DataHunter','201909051802','na','20190905_180204 - 20190905_180333','1','N',''),('DataHunter','201909091102','na','20190909_110237 - 20190909_110355','1','N',''),('DataHunter','201909091802','na','20190909_180202 - 20190909_180329','1','N',''),('DataHunter','201909130757','na','20190913_075731 - 20190913_075852','1','N',''),('DataHunter','201909130822','na','20190913_082244 - 20190913_082408','1','N',''),('DataHunter','201909131802','na','20190913_180207 - 20190913_180328','1','N',''),('DataHunter','201909161646','na','20190916_164618 - 20190916_164741','1','N',''),('DataHunter','201909161802','na','20190916_180204 - 20190916_180322','1','N',''),('DataHunter','201910071802','na','20191007_180201 - 20191007_180321','1','N',''),('DataHunter','201910081802','na','20191008_180207 - 20191008_180337','1','N',''),('DataHunter','201910091258','na','20191009_125828 - 20191009_125957','1','N',''),('DataHunter','201910091536','na','20191009_153610 - 20191009_153729','1','N',''),('DataHunter','201910091636','na','20191009_163606 - 20191009_163725','1','N',''),('DataHunter','201910091736','na','20191009_173607 - 20191009_173726','1','N',''),('DataHunter','201910091836','na','20191009_183607 - 20191009_183738','1','N',''),('DataHunter','201910091936','na','20191009_193608 - 20191009_193730','1','N',''),('DataHunter','201910092036','na','20191009_203609 - 20191009_203739','1','N',''),('DataHunter','201910092136','na','20191009_213605 - 20191009_213724','1','N',''),('DataHunter','201910092236','na','20191009_223606 - 20191009_223730','1','N',''),('DataHunter','201910092336','na','20191009_233607 - 20191009_233729','1','N',''),('DataHunter','201910100936','na','20191010_093606 - 20191010_093725','1','N',''),('DataHunter','201910101037','na','20191010_103707 - 20191010_103826','1','N',''),('DataHunter','201910101106','na','20191010_110620 - 20191010_110739','1','N',''),('DataHunter','201910101125','<a href=''http://localhost:8080/metrics/sampleReport/DataHunter_Result%20_370.html''>Run 370</a>','20191010_112543 - 20191010_112710','1','Y','base for SLA'),('DataHunterDistributed','201909051313','na','20190905_131359 - 20190905_131517','1','N',''),('DataHunterDistributed','201909051407','na','20190905_140753 - 20190905_140911','1','N',''),('DataHunterDistributed','201909051457','na','20190905_145709 - 20190905_145833','1','N',''),('DataHunterDistributed','201909051732','na','20190905_173221 - 20190905_173342','1','N',''),('DataHunterDistributed','201909091732','na','20190909_173215 - 20190909_173335','1','N',''),('DataHunterDistributed','201909130822','na','20190913_082244 - 20190913_082408','1','N',''),('DataHunterDistributed','201909131732','na','20190913_173219 - 20190913_173338','1','N',''),('DataHunterDistributed','201909161649','na','20190916_164936 - 20190916_165103','1','N',''),('DataHunterDistributed','201909161732','na','20190916_173215 - 20190916_173342','1','N',''),('DataHunterDistributed','201910071732','na','20191007_173218 - 20191007_173341','1','N',''),('DataHunterDistributed','201910081732','na','20191008_173219 - 20191008_173337','1','N',''),('DataHunterDistributed','201910091309','na','20191009_130951 - 20191009_131110','1','N',''),('DataHunterDistributed','201910091606','na','20191009_160622 - 20191009_160744','1','N',''),('DataHunterDistributed','201910091706','na','20191009_170618 - 20191009_170744','1','N',''),('DataHunterDistributed','201910091806','na','20191009_180619 - 20191009_180739','1','N',''),('DataHunterDistributed','201910091906','na','20191009_190620 - 20191009_190742','1','N',''),('DataHunterDistributed','201910092006','na','20191009_200620 - 20191009_200740','1','N',''),('DataHunterDistributed','201910092106','na','20191009_210621 - 20191009_210741','1','N',''),('DataHunterDistributed','201910092206','na','20191009_220617 - 20191009_220736','1','N',''),('DataHunterDistributed','201910092306','na','20191009_230618 - 20191009_230737','1','N',''),('DataHunterDistributed','201910101006','na','20191010_100619 - 20191010_100741','1','N',''),('DataHunterDistributed','201910101106','na','20191010_110620 - 20191010_110739','1','N',''),('DataHunterDistributed','201910101207','na','20191010_120720 - 20191010_120843','1','N',''),('DataHunterDistributed','201910101306','na','20191010_130621 - 20191010_130742','1','N','');

INSERT IGNORE INTO TRANSACTION VALUES ('DataHunter','201909051309','DATAHUNTER_PV_TEST_This_Thread_Unused_Policy_Count','DATAPOINT',5.000,5.000,5.000,-1.000,-1.000,28,-1,-1,5.000,5.000,140.000),('DataHunter','201909051309','DATAHUNTER_PV_TEST_Total_Unused_Policy_Count','DATAPOINT',5.000,15.107,9.000,-1.000,-1.000,28,-1,-1,17.000,9.000,423.000),('DataHunter','201909051309','DH-lifecycle-0001-initiate-deleteMultiplePolicies','TRANSACTION',0.143,0.246,0.448,0.119,0.448,4,0,0,-1.000,-1.000,-1.000),('DataHunter','201909051309','DH-lifecycle-0100-deleteMultiplePolicies','TRANSACTION',0.109,0.154,0.228,0.033,0.205,44,0,0,-1.000,-1.000,-1.000),('DataHunter','201909051309','DH-lifecycle-0200-addPolicy','TRANSACTION',0.345,0.426,0.726,0.056,0.482,140,0,0,-1.000,-1.000,-1.000),('DataHunter','201909051309','DH-lifecycle-0299-sometimes-I-fail','TRANSACTION',0.000,0.000,0.000,0.000,0.000,28,0,0,-1.000,-1.000,-1.000),('DataHunter','201909051309','DH-lifecycle-0300-countUnusedPolicies','TRANSACTION',0.111,0.133,0.178,0.014,0.150,28,0,0,-1.000,-1.000,-1.000),('DataHunter','201909051309','DH-lifecycle-0350-countUnusedPoliciesCurrentThread','TRANSACTION',0.111,0.138,0.161,0.012,0.152,28,0,0,-1.000,-1.000,-1.000),('DataHunter','201909051309','DH-lifecycle-0400-lookupNextPolicy','TRANSACTION',0.207,0.230,0.267,0.014,0.253,28,0,0,-1.000,-1.000,-1.000),('DataHunter','201909051309','DH-lifecycle-0500-useNextPolicy','TRANSACTION',0.190,0.220,0.295,0.024,0.251,28,0,0,-1.000,-1.000,-1.000),('DataHunter','201909051309','DH-lifecycle-9999-finalize-deleteMultiplePolicies','TRANSACTION',0.114,0.133,0.173,0.023,0.173,4,0,0,-1.000,-1.000,-1.000),('DataHunter','201909051309','Memory_localhost_FreePhysicalG','MEMORY',8.000,8.667,9.000,-1.000,-1.000,6,-1,-1,9.000,9.000,52.000),('DataHunter','201909051309','Memory_localhost_FreeVirtualG','MEMORY',8.000,8.167,9.000,-1.000,-1.000,6,-1,-1,8.000,9.000,49.000),('DataHunter','201909051309','localhost','CPU_UTIL',14.000,64.667,80.000,-1.000,0.000,6,-1,-1,56.000,14.000,388.000),('DataHunter','201909051337','DATAHUNTER_PV_TEST_This_Thread_Unused_Policy_Count','DATAPOINT',5.000,5.000,5.000,-1.000,-1.000,27,-1,-1,5.000,5.000,135.000),('DataHunter','201909051337','DATAHUNTER_PV_TEST_Total_Unused_Policy_Count','DATAPOINT',14.000,20.296,23.000,-1.000,-1.000,27,-1,-1,19.000,23.000,548.000),('DataHunter','201909051337','DH-lifecycle-0001-initiate-deleteMultiplePolicies','TRANSACTION',0.143,0.163,0.202,0.023,0.202,4,0,0,-1.000,-1.000,-1.000),('DataHunter','201909051337','DH-lifecycle-0100-deleteMultiplePolicies','TRANSACTION',0.107,0.155,0.505,0.068,0.230,42,0,0,-1.000,-1.000,-1.000),('DataHunter','201909051337','DH-lifecycle-0200-addPolicy','TRANSACTION',0.332,0.399,0.705,0.048,0.432,135,0,0,-1.000,-1.000,-1.000),('DataHunter','201909051337','DH-lifecycle-0299-sometimes-I-fail','TRANSACTION',0.000,0.000,0.000,0.000,0.000,27,0,0,-1.000,-1.000,-1.000),('DataHunter','201909051337','DH-lifecycle-0300-countUnusedPolicies','TRANSACTION',0.104,0.123,0.154,0.011,0.132,27,0,0,-1.000,-1.000,-1.000),('DataHunter','201909051337','DH-lifecycle-0350-countUnusedPoliciesCurrentThread','TRANSACTION',0.110,0.130,0.147,0.011,0.144,27,0,0,-1.000,-1.000,-1.000),('DataHunter','201909051337','DH-lifecycle-0400-lookupNextPolicy','TRANSACTION',0.182,0.217,0.247,0.017,0.239,27,0,0,-1.000,-1.000,-1.000),('DataHunter','201909051337','DH-lifecycle-0500-useNextPolicy','TRANSACTION',0.179,0.206,0.247,0.014,0.219,27,0,0,-1.000,-1.000,-1.000),('DataHunter','201909051337','DH-lifecycle-9999-finalize-deleteMultiplePolicies','TRANSACTION',0.105,0.129,0.155,0.019,0.155,4,0,0,-1.000,-1.000,-1.000),('DataHunter','201909051337','Memory_localhost_FreePhysicalG','MEMORY',8.000,8.333,9.000,-1.000,-1.000,6,-1,-1,9.000,8.000,50.000),('DataHunter','201909051337','Memory_localhost_FreeVirtualG','MEMORY',8.000,8.000,8.000,-1.000,-1.000,6,-1,-1,8.000,8.000,48.000),('DataHunter','201909051337','localhost','CPU_UTIL',37.000,55.333,43.000,-1.000,0.000,6,-1,-1,37.000,43.000,332.000),('DataHunter','201909051346','DATAHUNTER_PV_TEST_This_Thread_Unused_Policy_Count','DATAPOINT',5.000,5.000,5.000,-1.000,-1.000,24,-1,-1,5.000,5.000,120.000),('DataHunter','201909051346','DATAHUNTER_PV_TEST_Total_Unused_Policy_Count','DATAPOINT',14.000,21.958,29.000,-1.000,-1.000,24,-1,-1,20.000,14.000,527.000),('DataHunter','201909051346','DH-lifecycle-0001-initiate-deleteMultiplePolicies','TRANSACTION',0.188,0.202,0.211,0.009,0.211,4,0,0,-1.000,-1.000,-1.000),('DataHunter','201909051346','DH-lifecycle-0100-deleteMultiplePolicies','TRANSACTION',0.126,0.170,0.261,0.034,0.229,36,0,0,-1.000,-1.000,-1.000),('DataHunter','201909051346','DH-lifecycle-0200-addPolicy','TRANSACTION',0.421,0.510,1.298,0.125,0.530,120,0,0,-1.000,-1.000,-1.000),('DataHunter','201909051346','DH-lifecycle-0299-sometimes-I-fail','TRANSACTION',0.000,0.000,0.001,0.000,0.000,24,0,0,-1.000,-1.000,-1.000),('DataHunter','201909051346','DH-lifecycle-0300-countUnusedPolicies','TRANSACTION',0.135,0.163,0.293,0.031,0.191,24,0,0,-1.000,-1.000,-1.000),('DataHunter','201909051346','DH-lifecycle-0350-countUnusedPoliciesCurrentThread','TRANSACTION',0.135,0.168,0.248,0.029,0.227,24,0,0,-1.000,-1.000,-1.000),('DataHunter','201909051346','DH-lifecycle-0400-lookupNextPolicy','TRANSACTION',0.240,0.291,0.664,0.084,0.334,24,0,0,-1.000,-1.000,-1.000),('DataHunter','201909051346','DH-lifecycle-0500-useNextPolicy','TRANSACTION',0.235,0.256,0.295,0.014,0.275,24,0,0,-1.000,-1.000,-1.000),('DataHunter','201909051346','DH-lifecycle-9999-finalize-deleteMultiplePolicies','TRANSACTION',0.140,0.146,0.150,0.004,0.150,4,0,0,-1.000,-1.000,-1.000),('DataHunter','201909051346','Memory_localhost_FreePhysicalG','MEMORY',8.000,8.667,9.000,-1.000,-1.000,6,-1,-1,9.000,9.000,52.000),('DataHunter','201909051346','Memory_localhost_FreeVirtualG','MEMORY',8.000,8.000,8.000,-1.000,-1.000,6,-1,-1,8.000,8.000,48.000),('DataHunter','201909051346','localhost','CPU_UTIL',27.000,59.667,43.000,-1.000,0.000,6,-1,-1,27.000,43.000,358.000),('DataHunter','201909051453','DATAHUNTER_PV_TEST_This_Thread_Unused_Policy_Count','DATAPOINT',5.000,5.000,5.000,-1.000,-1.000,25,-1,-1,5.000,5.000,125.000),('DataHunter','201909051453','DATAHUNTER_PV_TEST_Total_Unused_Policy_Count','DATAPOINT',12.000,16.080,14.000,-1.000,-1.000,25,-1,-1,15.000,14.000,402.000),('DataHunter','201909051453','DH-lifecycle-0001-initiate-deleteMultiplePolicies','TRANSACTION',0.155,0.172,0.191,0.016,0.191,4,0,0,-1.000,-1.000,-1.000),('DataHunter','201909051453','DH-lifecycle-0100-deleteMultiplePolicies','TRANSACTION',0.107,0.146,0.212,0.029,0.191,38,0,0,-1.000,-1.000,-1.000),('DataHunter','201909051453','DH-lifecycle-0200-addPolicy','TRANSACTION',0.360,0.416,0.679,0.041,0.451,125,0,0,-1.000,-1.000,-1.000),('DataHunter','201909051453','DH-lifecycle-0299-sometimes-I-fail','TRANSACTION',0.000,0.000,0.001,0.000,0.000,25,0,0,-1.000,-1.000,-1.000),('DataHunter','201909051453','DH-lifecycle-0300-countUnusedPolicies','TRANSACTION',0.114,0.131,0.186,0.015,0.142,25,0,0,-1.000,-1.000,-1.000),('DataHunter','201909051453','DH-lifecycle-0350-countUnusedPoliciesCurrentThread','TRANSACTION',0.108,0.140,0.190,0.017,0.159,25,0,0,-1.000,-1.000,-1.000),('DataHunter','201909051453','DH-lifecycle-0400-lookupNextPolicy','TRANSACTION',0.199,0.227,0.266,0.018,0.254,25,0,0,-1.000,-1.000,-1.000),('DataHunter','201909051453','DH-lifecycle-0500-useNextPolicy','TRANSACTION',0.196,0.225,0.315,0.025,0.260,25,0,0,-1.000,-1.000,-1.000),('DataHunter','201909051453','DH-lifecycle-9999-finalize-deleteMultiplePolicies','TRANSACTION',0.121,0.132,0.136,0.006,0.136,4,0,0,-1.000,-1.000,-1.000),('DataHunter','201909051453','Memory_localhost_FreePhysicalG','MEMORY',8.000,8.167,9.000,-1.000,-1.000,6,-1,-1,9.000,8.000,49.000),('DataHunter','201909051453','Memory_localhost_FreeVirtualG','MEMORY',8.000,8.000,8.000,-1.000,-1.000,6,-1,-1,8.000,8.000,48.000),('DataHunter','201909051453','localhost','CPU_UTIL',34.000,54.500,46.000,-1.000,0.000,6,-1,-1,34.000,46.000,327.000),('DataHunter','201909051607','DH-lifecycle-0001-initiate-deleteMultiplePolicies','TRANSACTION',0.142,0.153,0.174,0.013,0.174,4,0,0,-1.000,-1.000,-1.000),('DataHunter','201909051607','DH-lifecycle-0100-deleteMultiplePolicies','TRANSACTION',0.098,0.136,0.314,0.039,0.175,40,0,0,-1.000,-1.000,-1.000),('DataHunter','201909051607','DH-lifecycle-0200-addPolicy','TRANSACTION',0.314,0.370,0.546,0.036,0.402,130,0,0,-1.000,-1.000,-1.000),('DataHunter','201909051607','DH-lifecycle-0299-sometimes-I-fail','TRANSACTION',0.000,0.000,0.000,0.000,0.000,26,0,0,-1.000,-1.000,-1.000),('DataHunter','201909051607','DH-lifecycle-0300-countUnusedPolicies','TRANSACTION',0.096,0.114,0.135,0.009,0.128,26,0,0,-1.000,-1.000,-1.000),('DataHunter','201909051607','DH-lifecycle-0350-countUnusedPoliciesCurrentThread','TRANSACTION',0.100,0.123,0.156,0.014,0.144,26,0,0,-1.000,-1.000,-1.000),('DataHunter','201909051607','DH-lifecycle-0400-lookupNextPolicy','TRANSACTION',0.166,0.210,0.286,0.029,0.253,26,0,0,-1.000,-1.000,-1.000),('DataHunter','201909051607','DH-lifecycle-0500-useNextPolicy','TRANSACTION',0.167,0.196,0.273,0.024,0.233,26,0,0,-1.000,-1.000,-1.000),('DataHunter','201909051607','DH-lifecycle-9999-finalize-deleteMultiplePolicies','TRANSACTION',0.109,0.112,0.115,0.003,0.115,4,0,0,-1.000,-1.000,-1.000),('DataHunter','201909051607','Memory_localhost_FreePhysicalG','MEMORY',8.000,8.667,9.000,-1.000,-1.000,6,-1,-1,9.000,9.000,52.000),('DataHunter','201909051607','Memory_localhost_FreeVirtualG','MEMORY',8.000,8.000,8.000,-1.000,-1.000,6,-1,-1,8.000,8.000,48.000),('DataHunter','201909051607','This_Thread_Unused_Policy_Count','DATAPOINT',5.000,5.000,5.000,-1.000,-1.000,26,-1,-1,5.000,5.000,130.000),('DataHunter','201909051607','Total_Unused_Policy_Count','DATAPOINT',5.000,11.462,7.000,-1.000,-1.000,26,-1,-1,10.000,5.000,298.000),('DataHunter','201909051607','localhost','CPU_UTIL',24.000,50.167,27.000,-1.000,0.000,6,-1,-1,24.000,27.000,301.000),('DataHunter','201909051802','DH-lifecycle-0001-initiate-deleteMultiplePolicies','TRANSACTION',0.125,0.151,0.166,0.016,0.166,4,0,0,-1.000,-1.000,-1.000),('DataHunter','201909051802','DH-lifecycle-0100-deleteMultiplePolicies','TRANSACTION',0.087,0.110,0.186,0.022,0.135,42,0,0,-1.000,-1.000,-1.000),('DataHunter','201909051802','DH-lifecycle-0200-addPolicy','TRANSACTION',0.268,0.312,0.426,0.026,0.343,135,0,0,-1.000,-1.000,-1.000),('DataHunter','201909051802','DH-lifecycle-0299-sometimes-I-fail','TRANSACTION',0.000,0.000,0.000,0.000,0.000,27,0,0,-1.000,-1.000,-1.000),('DataHunter','201909051802','DH-lifecycle-0300-countUnusedPolicies','TRANSACTION',0.085,0.097,0.112,0.007,0.106,27,0,0,-1.000,-1.000,-1.000),('DataHunter','201909051802','DH-lifecycle-0350-countUnusedPoliciesCurrentThread','TRANSACTION',0.088,0.103,0.116,0.007,0.112,27,0,0,-1.000,-1.000,-1.000),('DataHunter','201909051802','DH-lifecycle-0400-lookupNextPolicy','TRANSACTION',0.146,0.170,0.211,0.014,0.192,27,0,0,-1.000,-1.000,-1.000),('DataHunter','201909051802','DH-lifecycle-0500-useNextPolicy','TRANSACTION',0.148,0.162,0.199,0.012,0.177,27,0,0,-1.000,-1.000,-1.000),('DataHunter','201909051802','DH-lifecycle-9999-finalize-deleteMultiplePolicies','TRANSACTION',0.088,0.098,0.117,0.011,0.117,4,0,0,-1.000,-1.000,-1.000),('DataHunter','201909051802','Memory_localhost_FreePhysicalG','MEMORY',8.000,8.500,9.000,-1.000,-1.000,6,-1,-1,9.000,8.000,51.000),('DataHunter','201909051802','Memory_localhost_FreeVirtualG','MEMORY',8.000,8.000,8.000,-1.000,-1.000,6,-1,-1,8.000,8.000,48.000),('DataHunter','201909051802','This_Thread_Unused_Policy_Count','DATAPOINT',5.000,5.000,5.000,-1.000,-1.000,27,-1,-1,5.000,5.000,135.000),('DataHunter','201909051802','Total_Unused_Policy_Count','DATAPOINT',14.000,18.667,19.000,-1.000,-1.000,27,-1,-1,19.000,14.000,504.000),('DataHunter','201909051802','localhost','CPU_UTIL',21.000,45.500,39.000,-1.000,0.000,6,-1,-1,21.000,39.000,273.000),('DataHunter','201909091102','DH-lifecycle-0001-initiate-deleteMultiplePolicies','TRANSACTION',0.151,0.177,0.206,0.019,0.206,4,0,0,-1.000,-1.000,-1.000),('DataHunter','201909091102','DH-lifecycle-0100-deleteMultiplePolicies','TRANSACTION',0.112,0.144,0.204,0.025,0.184,38,0,0,-1.000,-1.000,-1.000),('DataHunter','201909091102','DH-lifecycle-0200-addPolicy','TRANSACTION',0.358,0.405,0.544,0.032,0.439,125,0,0,-1.000,-1.000,-1.000),('DataHunter','201909091102','DH-lifecycle-0299-sometimes-I-fail','TRANSACTION',0.000,0.000,0.000,0.000,0.000,25,0,0,-1.000,-1.000,-1.000),('DataHunter','201909091102','DH-lifecycle-0300-countUnusedPolicies','TRANSACTION',0.109,0.131,0.232,0.023,0.142,25,0,0,-1.000,-1.000,-1.000),('DataHunter','201909091102','DH-lifecycle-0350-countUnusedPoliciesCurrentThread','TRANSACTION',0.119,0.134,0.156,0.010,0.147,25,0,0,-1.000,-1.000,-1.000),('DataHunter','201909091102','DH-lifecycle-0400-lookupNextPolicy','TRANSACTION',0.205,0.225,0.261,0.017,0.254,25,0,0,-1.000,-1.000,-1.000),('DataHunter','201909091102','DH-lifecycle-0500-useNextPolicy','TRANSACTION',0.194,0.222,0.320,0.025,0.246,25,0,0,-1.000,-1.000,-1.000),('DataHunter','201909091102','DH-lifecycle-9999-finalize-deleteMultiplePolicies','TRANSACTION',0.106,0.136,0.157,0.022,0.157,4,0,0,-1.000,-1.000,-1.000),('DataHunter','201909091102','Memory_localhost_FreePhysicalG','MEMORY',9.000,9.000,9.000,-1.000,-1.000,6,-1,-1,9.000,9.000,54.000),('DataHunter','201909091102','Memory_localhost_FreeVirtualG','MEMORY',8.000,8.667,9.000,-1.000,-1.000,6,-1,-1,9.000,9.000,52.000),('DataHunter','201909091102','This_Thread_Unused_Policy_Count','DATAPOINT',5.000,5.000,5.000,-1.000,-1.000,25,-1,-1,5.000,5.000,125.000),('DataHunter','201909091102','Total_Unused_Policy_Count','DATAPOINT',6.000,12.440,15.000,-1.000,-1.000,25,-1,-1,10.000,15.000,311.000),('DataHunter','201909091102','localhost','CPU_UTIL',31.000,55.667,46.000,-1.000,0.000,6,-1,-1,31.000,46.000,334.000),('DataHunter','201909091802','DH-lifecycle-0001-initiate-deleteMultiplePolicies','TRANSACTION',0.126,0.145,0.169,0.018,0.169,4,0,0,-1.000,-1.000,-1.000),('DataHunter','201909091802','DH-lifecycle-0100-deleteMultiplePolicies','TRANSACTION',0.092,0.115,0.173,0.022,0.138,40,0,0,-1.000,-1.000,-1.000),('DataHunter','201909091802','DH-lifecycle-0200-addPolicy','TRANSACTION',0.287,0.326,0.542,0.029,0.356,130,0,0,-1.000,-1.000,-1.000),('DataHunter','201909091802','DH-lifecycle-0299-sometimes-I-fail','TRANSACTION',0.000,0.000,0.001,0.000,0.000,26,0,0,-1.000,-1.000,-1.000),('DataHunter','201909091802','DH-lifecycle-0300-countUnusedPolicies','TRANSACTION',0.093,0.101,0.119,0.006,0.110,26,0,0,-1.000,-1.000,-1.000),('DataHunter','201909091802','DH-lifecycle-0350-countUnusedPoliciesCurrentThread','TRANSACTION',0.092,0.105,0.115,0.006,0.112,26,0,0,-1.000,-1.000,-1.000),('DataHunter','201909091802','DH-lifecycle-0400-lookupNextPolicy','TRANSACTION',0.157,0.174,0.199,0.012,0.192,26,0,0,-1.000,-1.000,-1.000),('DataHunter','201909091802','DH-lifecycle-0500-useNextPolicy','TRANSACTION',0.151,0.170,0.190,0.008,0.179,26,0,0,-1.000,-1.000,-1.000),('DataHunter','201909091802','DH-lifecycle-9999-finalize-deleteMultiplePolicies','TRANSACTION',0.095,0.101,0.109,0.005,0.109,4,0,0,-1.000,-1.000,-1.000),('DataHunter','201909091802','Memory_localhost_FreePhysicalG','MEMORY',9.000,9.000,9.000,-1.000,-1.000,6,-1,-1,9.000,9.000,54.000),('DataHunter','201909091802','Memory_localhost_FreeVirtualG','MEMORY',8.000,8.833,9.000,-1.000,-1.000,6,-1,-1,9.000,9.000,53.000),('DataHunter','201909091802','This_Thread_Unused_Policy_Count','DATAPOINT',5.000,5.000,5.000,-1.000,-1.000,26,-1,-1,5.000,5.000,130.000),('DataHunter','201909091802','Total_Unused_Policy_Count','DATAPOINT',9.000,14.038,13.000,-1.000,-1.000,26,-1,-1,14.000,9.000,365.000),('DataHunter','201909091802','localhost','CPU_UTIL',28.000,42.667,31.000,-1.000,0.000,6,-1,-1,28.000,31.000,256.000),('DataHunter','201909130757','DH-lifecycle-0001-initiate-deleteMultiplePolicies','TRANSACTION',0.124,0.129,0.137,0.006,0.137,4,0,0,-1.000,-1.000,-1.000),('DataHunter','201909130757','DH-lifecycle-0100-deleteMultiplePolicies','TRANSACTION',0.089,0.110,0.166,0.019,0.131,40,0,0,-1.000,-1.000,-1.000),('DataHunter','201909130757','DH-lifecycle-0200-addPolicy','TRANSACTION',0.280,0.310,0.401,0.020,0.330,130,0,0,-1.000,-1.000,-1.000),('DataHunter','201909130757','DH-lifecycle-0299-sometimes-I-fail','TRANSACTION',0.000,0.000,0.000,0.000,0.000,26,0,0,-1.000,-1.000,-1.000),('DataHunter','201909130757','DH-lifecycle-0300-countUnusedPolicies','TRANSACTION',0.089,0.102,0.182,0.017,0.112,26,0,0,-1.000,-1.000,-1.000),('DataHunter','201909130757','DH-lifecycle-0350-countUnusedPoliciesCurrentThread','TRANSACTION',0.091,0.106,0.156,0.012,0.113,26,0,0,-1.000,-1.000,-1.000),('DataHunter','201909130757','DH-lifecycle-0400-lookupNextPolicy','TRANSACTION',0.150,0.173,0.199,0.012,0.189,26,0,0,-1.000,-1.000,-1.000),('DataHunter','201909130757','DH-lifecycle-0500-useNextPolicy','TRANSACTION',0.150,0.173,0.395,0.046,0.184,26,0,0,-1.000,-1.000,-1.000),('DataHunter','201909130757','DH-lifecycle-9999-finalize-deleteMultiplePolicies','TRANSACTION',0.093,0.097,0.105,0.005,0.105,4,0,0,-1.000,-1.000,-1.000),('DataHunter','201909130757','Memory_localhost_FreePhysicalG','MEMORY',9.000,9.167,10.000,-1.000,-1.000,6,-1,-1,10.000,9.000,55.000),('DataHunter','201909130757','Memory_localhost_FreeVirtualG','MEMORY',9.000,9.833,10.000,-1.000,-1.000,6,-1,-1,10.000,10.000,59.000),('DataHunter','201909130757','This_Thread_Unused_Policy_Count','DATAPOINT',5.000,5.000,5.000,-1.000,-1.000,26,-1,-1,5.000,5.000,130.000),('DataHunter','201909130757','Total_Unused_Policy_Count','DATAPOINT',5.000,10.423,7.000,-1.000,-1.000,26,-1,-1,10.000,5.000,271.000),('DataHunter','201909130757','localhost','CPU_UTIL',33.000,45.167,45.000,-1.000,0.000,6,-1,-1,34.000,45.000,271.000),('DataHunter','201909130822','DH-lifecycle-0001-initiate-deleteMultiplePolicies','TRANSACTION',0.127,0.155,0.214,0.030,0.214,6,0,0,-1.000,-1.000,-1.000),('DataHunter','201909130822','DH-lifecycle-0100-deleteMultiplePolicies','TRANSACTION',0.088,0.120,0.294,0.032,0.158,72,0,0,-1.000,-1.000,-1.000),('DataHunter','201909130822','DH-lifecycle-0200-addPolicy','TRANSACTION',0.278,0.325,0.716,0.051,0.355,225,0,0,-1.000,-1.000,-1.000),('DataHunter','201909130822','DH-lifecycle-0299-sometimes-I-fail','TRANSACTION',0.000,0.000,0.000,0.000,0.000,28,17,0,-1.000,-1.000,-1.000),('DataHunter','201909130822','DH-lifecycle-0300-countUnusedPolicies','TRANSACTION',0.092,0.104,0.223,0.022,0.109,45,0,0,-1.000,-1.000,-1.000),('DataHunter','201909130822','DH-lifecycle-0350-countUnusedPoliciesCurrentThread','TRANSACTION',0.091,0.109,0.171,0.013,0.126,45,0,0,-1.000,-1.000,-1.000),('DataHunter','201909130822','DH-lifecycle-0400-lookupNextPolicy','TRANSACTION',0.154,0.180,0.307,0.023,0.191,45,0,0,-1.000,-1.000,-1.000),('DataHunter','201909130822','DH-lifecycle-0500-useNextPolicy','TRANSACTION',0.151,0.171,0.217,0.015,0.185,45,0,0,-1.000,-1.000,-1.000),('DataHunter','201909130822','DH-lifecycle-9999-finalize-deleteMultiplePolicies','TRANSACTION',0.090,0.101,0.108,0.007,0.108,6,0,0,-1.000,-1.000,-1.000),('DataHunter','201909130822','Memory_localhost_FreePhysicalG','MEMORY',9.000,16.909,26.000,-1.000,-1.000,11,-1,-1,27.000,9.000,186.000),('DataHunter','201909130822','Memory_localhost_FreeVirtualG','MEMORY',8.000,18.455,9.000,-1.000,-1.000,11,-1,-1,30.000,9.000,203.000),('DataHunter','201909130822','This_Thread_Unused_Policy_Count','DATAPOINT',5.000,5.000,5.000,-1.000,-1.000,45,-1,-1,5.000,5.000,225.000),('DataHunter','201909130822','Total_Unused_Policy_Count','DATAPOINT',5.000,20.600,16.000,-1.000,-1.000,45,-1,-1,16.000,5.000,927.000),('DataHunter','201909130822','localhost','CPU_UTIL',28.000,52.091,54.000,-1.000,0.000,11,-1,-1,28.000,54.000,573.000),('DataHunter','201909131802','DH-lifecycle-0001-initiate-deleteMultiplePolicies','TRANSACTION',0.123,0.142,0.164,0.018,0.164,4,0,0,-1.000,-1.000,-1.000),('DataHunter','201909131802','DH-lifecycle-0100-deleteMultiplePolicies','TRANSACTION',0.089,0.111,0.159,0.021,0.142,40,0,0,-1.000,-1.000,-1.000),('DataHunter','201909131802','DH-lifecycle-0200-addPolicy','TRANSACTION',0.277,0.309,0.553,0.026,0.329,130,0,0,-1.000,-1.000,-1.000),('DataHunter','201909131802','DH-lifecycle-0299-sometimes-I-fail','TRANSACTION',0.000,0.000,0.000,0.000,0.000,26,0,0,-1.000,-1.000,-1.000),('DataHunter','201909131802','DH-lifecycle-0300-countUnusedPolicies','TRANSACTION',0.090,0.098,0.120,0.006,0.105,26,0,0,-1.000,-1.000,-1.000),('DataHunter','201909131802','DH-lifecycle-0350-countUnusedPoliciesCurrentThread','TRANSACTION',0.090,0.104,0.122,0.007,0.112,26,0,0,-1.000,-1.000,-1.000),('DataHunter','201909131802','DH-lifecycle-0400-lookupNextPolicy','TRANSACTION',0.144,0.170,0.196,0.011,0.183,26,0,0,-1.000,-1.000,-1.000),('DataHunter','201909131802','DH-lifecycle-0500-useNextPolicy','TRANSACTION',0.147,0.164,0.188,0.008,0.175,26,0,0,-1.000,-1.000,-1.000),('DataHunter','201909131802','DH-lifecycle-9999-finalize-deleteMultiplePolicies','TRANSACTION',0.088,0.093,0.098,0.004,0.098,4,0,0,-1.000,-1.000,-1.000),('DataHunter','201909131802','Memory_localhost_FreePhysicalG','MEMORY',8.000,8.833,9.000,-1.000,-1.000,6,-1,-1,9.000,9.000,53.000),('DataHunter','201909131802','Memory_localhost_FreeVirtualG','MEMORY',8.000,8.833,9.000,-1.000,-1.000,6,-1,-1,9.000,9.000,53.000),('DataHunter','201909131802','This_Thread_Unused_Policy_Count','DATAPOINT',5.000,5.000,5.000,-1.000,-1.000,26,-1,-1,5.000,5.000,130.000),('DataHunter','201909131802','Total_Unused_Policy_Count','DATAPOINT',6.000,12.500,7.000,-1.000,-1.000,26,-1,-1,11.000,6.000,325.000),('DataHunter','201909131802','localhost','CPU_UTIL',27.000,47.500,35.000,-1.000,0.000,6,-1,-1,27.000,35.000,285.000),('DataHunter','201909161646','DH-lifecycle-0001-initiate-deleteMultiplePolicies','TRANSACTION',0.172,0.178,0.185,0.005,0.185,4,0,0,-1.000,-1.000,-1.000),('DataHunter','201909161646','DH-lifecycle-0100-deleteMultiplePolicies','TRANSACTION',0.116,0.151,0.251,0.034,0.208,38,0,0,-1.000,-1.000,-1.000),('DataHunter','201909161646','DH-lifecycle-0200-addPolicy','TRANSACTION',0.368,0.415,0.573,0.035,0.462,125,0,0,-1.000,-1.000,-1.000),('DataHunter','201909161646','DH-lifecycle-0299-sometimes-I-fail','TRANSACTION',0.000,0.000,0.000,0.000,0.000,25,0,0,-1.000,-1.000,-1.000),('DataHunter','201909161646','DH-lifecycle-0300-countUnusedPolicies','TRANSACTION',0.117,0.129,0.156,0.008,0.137,25,0,0,-1.000,-1.000,-1.000),('DataHunter','201909161646','DH-lifecycle-0350-countUnusedPoliciesCurrentThread','TRANSACTION',0.116,0.142,0.179,0.015,0.164,25,0,0,-1.000,-1.000,-1.000),('DataHunter','201909161646','DH-lifecycle-0400-lookupNextPolicy','TRANSACTION',0.196,0.226,0.267,0.016,0.245,25,0,0,-1.000,-1.000,-1.000),('DataHunter','201909161646','DH-lifecycle-0500-useNextPolicy','TRANSACTION',0.199,0.230,0.389,0.035,0.249,25,0,0,-1.000,-1.000,-1.000),('DataHunter','201909161646','DH-lifecycle-9999-finalize-deleteMultiplePolicies','TRANSACTION',0.114,0.123,0.129,0.006,0.129,4,0,0,-1.000,-1.000,-1.000),('DataHunter','201909161646','Memory_localhost_FreePhysicalG','MEMORY',9.000,9.167,10.000,-1.000,-1.000,6,-1,-1,10.000,9.000,55.000),('DataHunter','201909161646','Memory_localhost_FreeVirtualG','MEMORY',9.000,9.000,9.000,-1.000,-1.000,6,-1,-1,9.000,9.000,54.000),('DataHunter','201909161646','This_Thread_Unused_Policy_Count','DATAPOINT',5.000,5.000,5.000,-1.000,-1.000,25,-1,-1,5.000,5.000,125.000),('DataHunter','201909161646','Total_Unused_Policy_Count','DATAPOINT',5.000,11.120,10.000,-1.000,-1.000,25,-1,-1,10.000,5.000,278.000),('DataHunter','201909161646','localhost','CPU_UTIL',39.000,57.167,45.000,-1.000,0.000,6,-1,-1,39.000,45.000,343.000),('DataHunter','201909161802','DH-lifecycle-0001-initiate-deleteMultiplePolicies','TRANSACTION',0.152,0.171,0.194,0.016,0.194,4,0,0,-1.000,-1.000,-1.000),('DataHunter','201909161802','DH-lifecycle-0100-deleteMultiplePolicies','TRANSACTION',0.105,0.136,0.205,0.024,0.170,38,0,0,-1.000,-1.000,-1.000),('DataHunter','201909161802','DH-lifecycle-0200-addPolicy','TRANSACTION',0.326,0.397,0.516,0.032,0.444,125,0,0,-1.000,-1.000,-1.000),('DataHunter','201909161802','DH-lifecycle-0299-sometimes-I-fail','TRANSACTION',0.000,0.000,0.000,0.000,0.000,25,0,0,-1.000,-1.000,-1.000),('DataHunter','201909161802','DH-lifecycle-0300-countUnusedPolicies','TRANSACTION',0.106,0.123,0.196,0.017,0.132,25,0,0,-1.000,-1.000,-1.000),('DataHunter','201909161802','DH-lifecycle-0350-countUnusedPoliciesCurrentThread','TRANSACTION',0.115,0.130,0.166,0.010,0.139,25,0,0,-1.000,-1.000,-1.000),('DataHunter','201909161802','DH-lifecycle-0400-lookupNextPolicy','TRANSACTION',0.199,0.223,0.269,0.017,0.248,25,0,0,-1.000,-1.000,-1.000),('DataHunter','201909161802','DH-lifecycle-0500-useNextPolicy','TRANSACTION',0.186,0.219,0.298,0.026,0.256,25,0,0,-1.000,-1.000,-1.000),('DataHunter','201909161802','DH-lifecycle-9999-finalize-deleteMultiplePolicies','TRANSACTION',0.105,0.126,0.152,0.019,0.152,4,0,0,-1.000,-1.000,-1.000),('DataHunter','201909161802','Memory_localhost_FreePhysicalG','MEMORY',9.000,9.000,9.000,-1.000,-1.000,6,-1,-1,9.000,9.000,54.000),('DataHunter','201909161802','Memory_localhost_FreeVirtualG','MEMORY',8.000,8.500,9.000,-1.000,-1.000,6,-1,-1,9.000,9.000,51.000),('DataHunter','201909161802','This_Thread_Unused_Policy_Count','DATAPOINT',5.000,5.000,5.000,-1.000,-1.000,25,-1,-1,5.000,5.000,125.000),('DataHunter','201909161802','Total_Unused_Policy_Count','DATAPOINT',9.000,17.160,19.000,-1.000,-1.000,25,-1,-1,13.000,19.000,429.000),('DataHunter','201909161802','localhost','CPU_UTIL',34.000,55.000,39.000,-1.000,0.000,6,-1,-1,34.000,39.000,330.000),('DataHunter','201910071802','DH-lifecycle-0001-initiate-deleteMultiplePolicies','TRANSACTION',0.127,0.141,0.162,0.013,0.162,4,0,0,-1.000,-1.000,-1.000),('DataHunter','201910071802','DH-lifecycle-0100-deleteMultiplePolicies','TRANSACTION',0.087,0.116,0.194,0.026,0.149,40,0,0,-1.000,-1.000,-1.000),('DataHunter','201910071802','DH-lifecycle-0200-addPolicy','TRANSACTION',0.279,0.313,0.354,0.017,0.336,130,0,0,-1.000,-1.000,-1.000),('DataHunter','201910071802','DH-lifecycle-0299-sometimes-I-fail','TRANSACTION',0.000,0.000,0.001,0.000,0.000,26,0,0,-1.000,-1.000,-1.000),('DataHunter','201910071802','DH-lifecycle-0300-countUnusedPolicies','TRANSACTION',0.088,0.098,0.108,0.004,0.102,26,0,0,-1.000,-1.000,-1.000),('DataHunter','201910071802','DH-lifecycle-0350-countUnusedPoliciesCurrentThread','TRANSACTION',0.090,0.107,0.128,0.009,0.118,26,0,0,-1.000,-1.000,-1.000),('DataHunter','201910071802','DH-lifecycle-0400-lookupNextPolicy','TRANSACTION',0.153,0.172,0.189,0.010,0.183,26,0,0,-1.000,-1.000,-1.000),('DataHunter','201910071802','DH-lifecycle-0500-useNextPolicy','TRANSACTION',0.153,0.165,0.177,0.007,0.176,26,0,0,-1.000,-1.000,-1.000),('DataHunter','201910071802','DH-lifecycle-9999-finalize-deleteMultiplePolicies','TRANSACTION',0.090,0.094,0.098,0.003,0.098,4,0,0,-1.000,-1.000,-1.000),('DataHunter','201910071802','Memory_localhost_FreePhysicalG','MEMORY',10.000,10.333,11.000,-1.000,-1.000,6,-1,-1,11.000,11.000,62.000),('DataHunter','201910071802','Memory_localhost_FreeVirtualG','MEMORY',11.000,11.000,11.000,-1.000,-1.000,6,-1,-1,11.000,11.000,66.000),('DataHunter','201910071802','This_Thread_Unused_Policy_Count','DATAPOINT',5.000,5.000,5.000,-1.000,-1.000,26,-1,-1,5.000,5.000,130.000),('DataHunter','201910071802','Total_Unused_Policy_Count','DATAPOINT',10.000,16.654,15.000,-1.000,-1.000,26,-1,-1,14.000,10.000,433.000),('DataHunter','201910071802','localhost','CPU_UTIL',32.000,44.667,46.000,-1.000,0.000,6,-1,-1,36.000,32.000,268.000),('DataHunter','201910081802','DH-lifecycle-0001-initiate-deleteMultiplePolicies','TRANSACTION',0.123,0.152,0.166,0.017,0.166,4,0,0,-1.000,-1.000,-1.000),('DataHunter','201910081802','DH-lifecycle-0100-deleteMultiplePolicies','TRANSACTION',0.092,0.117,0.192,0.024,0.146,40,0,0,-1.000,-1.000,-1.000),('DataHunter','201910081802','DH-lifecycle-0200-addPolicy','TRANSACTION',0.291,0.326,0.401,0.018,0.345,130,0,0,-1.000,-1.000,-1.000),('DataHunter','201910081802','DH-lifecycle-0299-sometimes-I-fail','TRANSACTION',0.000,0.000,0.001,0.000,0.000,26,0,0,-1.000,-1.000,-1.000),('DataHunter','201910081802','DH-lifecycle-0300-countUnusedPolicies','TRANSACTION',0.094,0.104,0.121,0.007,0.113,26,0,0,-1.000,-1.000,-1.000),('DataHunter','201910081802','DH-lifecycle-0350-countUnusedPoliciesCurrentThread','TRANSACTION',0.094,0.108,0.127,0.007,0.118,26,0,0,-1.000,-1.000,-1.000),('DataHunter','201910081802','DH-lifecycle-0400-lookupNextPolicy','TRANSACTION',0.162,0.183,0.202,0.012,0.201,26,0,0,-1.000,-1.000,-1.000),('DataHunter','201910081802','DH-lifecycle-0500-useNextPolicy','TRANSACTION',0.161,0.179,0.257,0.019,0.205,26,0,0,-1.000,-1.000,-1.000),('DataHunter','201910081802','DH-lifecycle-9999-finalize-deleteMultiplePolicies','TRANSACTION',0.096,0.099,0.101,0.002,0.101,4,0,0,-1.000,-1.000,-1.000),('DataHunter','201910081802','Memory_localhost_FreePhysicalG','MEMORY',10.000,10.000,10.000,-1.000,-1.000,6,-1,-1,10.000,10.000,60.000),('DataHunter','201910081802','Memory_localhost_FreeVirtualG','MEMORY',10.000,10.333,11.000,-1.000,-1.000,6,-1,-1,11.000,11.000,62.000),('DataHunter','201910081802','This_Thread_Unused_Policy_Count','DATAPOINT',5.000,5.000,5.000,-1.000,-1.000,26,-1,-1,5.000,5.000,130.000),('DataHunter','201910081802','Total_Unused_Policy_Count','DATAPOINT',6.000,12.538,10.000,-1.000,-1.000,26,-1,-1,11.000,6.000,326.000),('DataHunter','201910081802','localhost','CPU_UTIL',21.000,45.000,46.000,-1.000,0.000,6,-1,-1,21.000,46.000,270.000),('DataHunter','201910091258','DH-lifecycle-0001-gotoDeleteMultiplePoliciesUrl','TRANSACTION',0.015,0.360,1.045,0.450,0.956,30,0,0,-1.000,-1.000,-1.000),('DataHunter','201910091258','DH-lifecycle-0100-deleteMultiplePolicies','TRANSACTION',0.116,0.140,0.198,0.018,0.160,30,0,0,-1.000,-1.000,-1.000),('DataHunter','201910091258','DH-lifecycle-0200-addPolicy','TRANSACTION',0.110,0.125,0.148,0.008,0.134,95,0,0,-1.000,-1.000,-1.000),('DataHunter','201910091258','DH-lifecycle-0299-sometimes-I-fail','TRANSACTION',0.000,0.000,0.000,0.000,0.000,19,0,0,-1.000,-1.000,-1.000),('DataHunter','201910091258','DH-lifecycle-0300-countUnusedPolicies','TRANSACTION',0.124,0.131,0.150,0.008,0.150,19,0,0,-1.000,-1.000,-1.000),('DataHunter','201910091258','DH-lifecycle-0400-countUnusedPoliciesCurrentThread','TRANSACTION',0.127,0.137,0.148,0.006,0.146,19,0,0,-1.000,-1.000,-1.000),('DataHunter','201910091258','DH-lifecycle-0500-useNextPolicy','TRANSACTION',0.123,0.137,0.153,0.009,0.152,19,0,0,-1.000,-1.000,-1.000),('DataHunter','201910091258','DH-lifecycle-0600-displaySelectedPolicies','TRANSACTION',0.128,0.142,0.157,0.011,0.157,7,0,0,-1.000,-1.000,-1.000),('DataHunter','201910091258','DH-lifecycle-9999-finalize-deleteMultiplePolicies','TRANSACTION',0.119,0.127,0.134,0.006,0.134,4,0,0,-1.000,-1.000,-1.000),('DataHunter','201910091258','Memory_localhost_FreePhysicalG','MEMORY',9.000,9.833,10.000,-1.000,-1.000,6,-1,-1,10.000,10.000,59.000),('DataHunter','201910091258','Memory_localhost_FreeVirtualG','MEMORY',9.000,9.833,10.000,-1.000,-1.000,6,-1,-1,10.000,10.000,59.000),('DataHunter','201910091258','This_Thread_Unused_Policy_Count','DATAPOINT',5.000,5.000,5.000,-1.000,-1.000,19,-1,-1,5.000,5.000,95.000),('DataHunter','201910091258','Total_Unused_Policy_Count','DATAPOINT',5.000,8.211,11.000,-1.000,-1.000,19,-1,-1,10.000,5.000,156.000),('DataHunter','201910091258','UNUSED-count-html-demo','TRANSACTION',0.004,0.005,0.008,0.002,0.008,7,0,0,-1.000,-1.000,-1.000),('DataHunter','201910091258','USED-count-html-demo','TRANSACTION',0.001,0.001,0.002,0.000,0.002,7,0,0,-1.000,-1.000,-1.000),('DataHunter','201910091258','localhost','CPU_UTIL',19.000,31.333,39.000,-1.000,0.000,6,-1,-1,26.000,19.000,188.000),('DataHunter','201910091536','DH-lifecycle-0001-gotoDeleteMultiplePoliciesUrl','TRANSACTION',0.014,0.362,0.994,0.455,0.979,30,0,0,-1.000,-1.000,-1.000),('DataHunter','201910091536','DH-lifecycle-0100-deleteMultiplePolicies','TRANSACTION',0.121,0.147,0.204,0.026,0.197,30,0,0,-1.000,-1.000,-1.000),('DataHunter','201910091536','DH-lifecycle-0200-addPolicy','TRANSACTION',0.110,0.127,0.159,0.008,0.138,95,0,0,-1.000,-1.000,-1.000),('DataHunter','201910091536','DH-lifecycle-0299-sometimes-I-fail','TRANSACTION',0.000,0.000,0.000,0.000,0.000,19,0,0,-1.000,-1.000,-1.000),('DataHunter','201910091536','DH-lifecycle-0300-countUnusedPolicies','TRANSACTION',0.125,0.136,0.147,0.008,0.147,19,0,0,-1.000,-1.000,-1.000),('DataHunter','201910091536','DH-lifecycle-0400-countUnusedPoliciesCurrentThread','TRANSACTION',0.123,0.139,0.160,0.010,0.154,19,0,0,-1.000,-1.000,-1.000),('DataHunter','201910091536','DH-lifecycle-0500-useNextPolicy','TRANSACTION',0.120,0.136,0.151,0.007,0.146,19,0,0,-1.000,-1.000,-1.000),('DataHunter','201910091536','DH-lifecycle-0600-displaySelectedPolicies','TRANSACTION',0.129,0.139,0.152,0.007,0.152,7,0,0,-1.000,-1.000,-1.000),('DataHunter','201910091536','DH-lifecycle-9999-finalize-deleteMultiplePolicies','TRANSACTION',0.122,0.138,0.150,0.012,0.150,4,0,0,-1.000,-1.000,-1.000),('DataHunter','201910091536','Memory_localhost_FreePhysicalG','MEMORY',10.000,10.000,10.000,-1.000,-1.000,6,-1,-1,10.000,10.000,60.000),('DataHunter','201910091536','Memory_localhost_FreeVirtualG','MEMORY',10.000,10.167,11.000,-1.000,-1.000,6,-1,-1,10.000,11.000,61.000),('DataHunter','201910091536','This_Thread_Unused_Policy_Count','DATAPOINT',5.000,5.000,5.000,-1.000,-1.000,19,-1,-1,5.000,5.000,95.000),('DataHunter','201910091536','Total_Unused_Policy_Count','DATAPOINT',7.000,11.579,10.000,-1.000,-1.000,19,-1,-1,12.000,7.000,220.000),('DataHunter','201910091536','UNUSED-count-html-demo','TRANSACTION',0.006,0.009,0.015,0.003,0.015,7,0,0,-1.000,-1.000,-1.000),('DataHunter','201910091536','USED-count-html-demo','TRANSACTION',0.001,0.001,0.002,0.000,0.002,7,0,0,-1.000,-1.000,-1.000),('DataHunter','201910091536','localhost','CPU_UTIL',18.000,31.167,19.000,-1.000,0.000,6,-1,-1,32.000,19.000,187.000),('DataHunter','201910091636','DH-lifecycle-0001-gotoDeleteMultiplePoliciesUrl','TRANSACTION',0.014,0.360,0.994,0.451,0.983,30,0,0,-1.000,-1.000,-1.000),('DataHunter','201910091636','DH-lifecycle-0100-deleteMultiplePolicies','TRANSACTION',0.120,0.145,0.200,0.023,0.181,30,0,0,-1.000,-1.000,-1.000),('DataHunter','201910091636','DH-lifecycle-0200-addPolicy','TRANSACTION',0.108,0.125,0.151,0.008,0.134,95,0,0,-1.000,-1.000,-1.000),('DataHunter','201910091636','DH-lifecycle-0299-sometimes-I-fail','TRANSACTION',0.000,0.000,0.001,0.000,0.001,19,0,0,-1.000,-1.000,-1.000),('DataHunter','201910091636','DH-lifecycle-0300-countUnusedPolicies','TRANSACTION',0.122,0.131,0.149,0.007,0.143,19,0,0,-1.000,-1.000,-1.000),('DataHunter','201910091636','DH-lifecycle-0400-countUnusedPoliciesCurrentThread','TRANSACTION',0.118,0.136,0.162,0.011,0.154,19,0,0,-1.000,-1.000,-1.000),('DataHunter','201910091636','DH-lifecycle-0500-useNextPolicy','TRANSACTION',0.124,0.133,0.147,0.006,0.141,19,0,0,-1.000,-1.000,-1.000),('DataHunter','201910091636','DH-lifecycle-0600-displaySelectedPolicies','TRANSACTION',0.129,0.140,0.155,0.008,0.155,7,0,0,-1.000,-1.000,-1.000),('DataHunter','201910091636','DH-lifecycle-9999-finalize-deleteMultiplePolicies','TRANSACTION',0.122,0.124,0.127,0.002,0.127,4,0,0,-1.000,-1.000,-1.000),('DataHunter','201910091636','Memory_localhost_FreePhysicalG','MEMORY',9.000,9.500,10.000,-1.000,-1.000,6,-1,-1,10.000,10.000,57.000),('DataHunter','201910091636','Memory_localhost_FreeVirtualG','MEMORY',10.000,10.000,10.000,-1.000,-1.000,6,-1,-1,10.000,10.000,60.000),('DataHunter','201910091636','This_Thread_Unused_Policy_Count','DATAPOINT',5.000,5.000,5.000,-1.000,-1.000,19,-1,-1,5.000,5.000,95.000),('DataHunter','201910091636','Total_Unused_Policy_Count','DATAPOINT',5.000,9.895,9.000,-1.000,-1.000,19,-1,-1,10.000,9.000,188.000),('DataHunter','201910091636','UNUSED-count-html-demo','TRANSACTION',0.004,0.007,0.009,0.002,0.009,7,0,0,-1.000,-1.000,-1.000),('DataHunter','201910091636','USED-count-html-demo','TRANSACTION',0.001,0.001,0.001,0.000,0.001,7,0,0,-1.000,-1.000,-1.000),('DataHunter','201910091636','localhost','CPU_UTIL',18.000,30.333,32.000,-1.000,0.000,6,-1,-1,25.000,32.000,182.000),('DataHunter','201910091736','DH-lifecycle-0001-gotoDeleteMultiplePoliciesUrl','TRANSACTION',0.013,0.348,0.995,0.437,0.924,30,0,0,-1.000,-1.000,-1.000),('DataHunter','201910091736','DH-lifecycle-0100-deleteMultiplePolicies','TRANSACTION',0.114,0.132,0.180,0.019,0.154,30,0,0,-1.000,-1.000,-1.000),('DataHunter','201910091736','DH-lifecycle-0200-addPolicy','TRANSACTION',0.106,0.116,0.134,0.006,0.126,95,0,0,-1.000,-1.000,-1.000),('DataHunter','201910091736','DH-lifecycle-0299-sometimes-I-fail','TRANSACTION',0.000,0.000,0.000,0.000,0.000,19,0,0,-1.000,-1.000,-1.000),('DataHunter','201910091736','DH-lifecycle-0300-countUnusedPolicies','TRANSACTION',0.112,0.121,0.128,0.005,0.127,19,0,0,-1.000,-1.000,-1.000),('DataHunter','201910091736','DH-lifecycle-0400-countUnusedPoliciesCurrentThread','TRANSACTION',0.114,0.127,0.142,0.008,0.139,19,0,0,-1.000,-1.000,-1.000),('DataHunter','201910091736','DH-lifecycle-0500-useNextPolicy','TRANSACTION',0.110,0.122,0.138,0.006,0.130,19,0,0,-1.000,-1.000,-1.000),('DataHunter','201910091736','DH-lifecycle-0600-displaySelectedPolicies','TRANSACTION',0.127,0.131,0.137,0.003,0.137,7,0,0,-1.000,-1.000,-1.000),('DataHunter','201910091736','DH-lifecycle-9999-finalize-deleteMultiplePolicies','TRANSACTION',0.116,0.120,0.122,0.002,0.122,4,0,0,-1.000,-1.000,-1.000),('DataHunter','201910091736','Memory_localhost_FreePhysicalG','MEMORY',9.000,9.333,10.000,-1.000,-1.000,6,-1,-1,10.000,10.000,56.000),('DataHunter','201910091736','Memory_localhost_FreeVirtualG','MEMORY',10.000,10.000,10.000,-1.000,-1.000,6,-1,-1,10.000,10.000,60.000),('DataHunter','201910091736','This_Thread_Unused_Policy_Count','DATAPOINT',5.000,5.000,5.000,-1.000,-1.000,19,-1,-1,5.000,5.000,95.000),('DataHunter','201910091736','Total_Unused_Policy_Count','DATAPOINT',8.000,13.368,13.000,-1.000,-1.000,19,-1,-1,13.000,13.000,254.000),('DataHunter','201910091736','UNUSED-count-html-demo','TRANSACTION',0.007,0.010,0.012,0.002,0.012,7,0,0,-1.000,-1.000,-1.000),('DataHunter','201910091736','USED-count-html-demo','TRANSACTION',0.001,0.001,0.001,0.000,0.001,7,0,0,-1.000,-1.000,-1.000),('DataHunter','201910091736','localhost','CPU_UTIL',14.000,29.833,41.000,-1.000,0.000,6,-1,-1,27.000,14.000,179.000),('DataHunter','201910091836','DH-lifecycle-0001-gotoDeleteMultiplePoliciesUrl','TRANSACTION',0.013,0.359,1.009,0.444,0.956,32,0,0,-1.000,-1.000,-1.000),('DataHunter','201910091836','DH-lifecycle-0100-deleteMultiplePolicies','TRANSACTION',0.108,0.129,0.166,0.015,0.150,32,0,0,-1.000,-1.000,-1.000),('DataHunter','201910091836','DH-lifecycle-0200-addPolicy','TRANSACTION',0.103,0.115,0.134,0.007,0.124,100,0,0,-1.000,-1.000,-1.000),('DataHunter','201910091836','DH-lifecycle-0299-sometimes-I-fail','TRANSACTION',0.000,0.000,0.000,0.000,0.000,20,0,0,-1.000,-1.000,-1.000),('DataHunter','201910091836','DH-lifecycle-0300-countUnusedPolicies','TRANSACTION',0.114,0.121,0.132,0.004,0.128,20,0,0,-1.000,-1.000,-1.000),('DataHunter','201910091836','DH-lifecycle-0400-countUnusedPoliciesCurrentThread','TRANSACTION',0.112,0.124,0.142,0.007,0.134,20,0,0,-1.000,-1.000,-1.000),('DataHunter','201910091836','DH-lifecycle-0500-useNextPolicy','TRANSACTION',0.112,0.123,0.134,0.006,0.131,20,0,0,-1.000,-1.000,-1.000),('DataHunter','201910091836','DH-lifecycle-0600-displaySelectedPolicies','TRANSACTION',0.120,0.127,0.133,0.004,0.133,8,0,0,-1.000,-1.000,-1.000),('DataHunter','201910091836','DH-lifecycle-9999-finalize-deleteMultiplePolicies','TRANSACTION',0.112,0.118,0.122,0.004,0.122,4,0,0,-1.000,-1.000,-1.000),('DataHunter','201910091836','Memory_localhost_FreePhysicalG','MEMORY',9.000,9.500,10.000,-1.000,-1.000,6,-1,-1,10.000,10.000,57.000),('DataHunter','201910091836','Memory_localhost_FreeVirtualG','MEMORY',10.000,10.000,10.000,-1.000,-1.000,6,-1,-1,10.000,10.000,60.000),('DataHunter','201910091836','This_Thread_Unused_Policy_Count','DATAPOINT',5.000,5.000,5.000,-1.000,-1.000,20,-1,-1,5.000,5.000,100.000),('DataHunter','201910091836','Total_Unused_Policy_Count','DATAPOINT',5.000,9.450,10.000,-1.000,-1.000,20,-1,-1,10.000,5.000,189.000),('DataHunter','201910091836','UNUSED-count-html-demo','TRANSACTION',0.004,0.006,0.009,0.002,0.009,8,0,0,-1.000,-1.000,-1.000),('DataHunter','201910091836','USED-count-html-demo','TRANSACTION',0.001,0.001,0.001,0.000,0.001,8,0,0,-1.000,-1.000,-1.000),('DataHunter','201910091836','localhost','CPU_UTIL',12.000,30.667,35.000,-1.000,0.000,6,-1,-1,32.000,12.000,184.000),('DataHunter','201910091936','DH-lifecycle-0001-gotoDeleteMultiplePoliciesUrl','TRANSACTION',0.013,0.348,0.984,0.437,0.925,30,0,0,-1.000,-1.000,-1.000),('DataHunter','201910091936','DH-lifecycle-0100-deleteMultiplePolicies','TRANSACTION',0.110,0.130,0.179,0.017,0.151,30,0,0,-1.000,-1.000,-1.000),('DataHunter','201910091936','DH-lifecycle-0200-addPolicy','TRANSACTION',0.104,0.115,0.154,0.007,0.123,95,0,0,-1.000,-1.000,-1.000),('DataHunter','201910091936','DH-lifecycle-0299-sometimes-I-fail','TRANSACTION',0.000,0.000,0.000,0.000,0.000,19,0,0,-1.000,-1.000,-1.000),('DataHunter','201910091936','DH-lifecycle-0300-countUnusedPolicies','TRANSACTION',0.113,0.120,0.126,0.003,0.124,19,0,0,-1.000,-1.000,-1.000),('DataHunter','201910091936','DH-lifecycle-0400-countUnusedPoliciesCurrentThread','TRANSACTION',0.115,0.126,0.170,0.012,0.141,19,0,0,-1.000,-1.000,-1.000),('DataHunter','201910091936','DH-lifecycle-0500-useNextPolicy','TRANSACTION',0.113,0.120,0.142,0.006,0.125,19,0,0,-1.000,-1.000,-1.000),('DataHunter','201910091936','DH-lifecycle-0600-displaySelectedPolicies','TRANSACTION',0.120,0.127,0.137,0.006,0.137,7,0,0,-1.000,-1.000,-1.000),('DataHunter','201910091936','DH-lifecycle-9999-finalize-deleteMultiplePolicies','TRANSACTION',0.117,0.124,0.134,0.006,0.134,4,0,0,-1.000,-1.000,-1.000),('DataHunter','201910091936','Memory_localhost_FreePhysicalG','MEMORY',9.000,9.500,10.000,-1.000,-1.000,6,-1,-1,10.000,10.000,57.000),('DataHunter','201910091936','Memory_localhost_FreeVirtualG','MEMORY',10.000,10.000,10.000,-1.000,-1.000,6,-1,-1,10.000,10.000,60.000),('DataHunter','201910091936','This_Thread_Unused_Policy_Count','DATAPOINT',5.000,5.000,5.000,-1.000,-1.000,19,-1,-1,5.000,5.000,95.000),('DataHunter','201910091936','Total_Unused_Policy_Count','DATAPOINT',5.000,7.421,7.000,-1.000,-1.000,19,-1,-1,10.000,5.000,141.000),('DataHunter','201910091936','UNUSED-count-html-demo','TRANSACTION',0.004,0.005,0.008,0.002,0.008,7,0,0,-1.000,-1.000,-1.000),('DataHunter','201910091936','USED-count-html-demo','TRANSACTION',0.001,0.001,0.002,0.000,0.002,7,0,0,-1.000,-1.000,-1.000),('DataHunter','201910091936','localhost','CPU_UTIL',18.000,31.000,44.000,-1.000,0.000,6,-1,-1,20.000,18.000,186.000),('DataHunter','201910092036','DH-lifecycle-0001-gotoDeleteMultiplePoliciesUrl','TRANSACTION',0.013,0.345,0.974,0.434,0.918,30,0,0,-1.000,-1.000,-1.000),('DataHunter','201910092036','DH-lifecycle-0100-deleteMultiplePolicies','TRANSACTION',0.109,0.127,0.155,0.016,0.152,30,0,0,-1.000,-1.000,-1.000),('DataHunter','201910092036','DH-lifecycle-0200-addPolicy','TRANSACTION',0.103,0.112,0.142,0.007,0.119,95,0,0,-1.000,-1.000,-1.000),('DataHunter','201910092036','DH-lifecycle-0299-sometimes-I-fail','TRANSACTION',0.000,0.000,0.001,0.000,0.001,19,0,0,-1.000,-1.000,-1.000),('DataHunter','201910092036','DH-lifecycle-0300-countUnusedPolicies','TRANSACTION',0.114,0.121,0.127,0.003,0.127,19,0,0,-1.000,-1.000,-1.000),('DataHunter','201910092036','DH-lifecycle-0400-countUnusedPoliciesCurrentThread','TRANSACTION',0.110,0.121,0.133,0.007,0.132,19,0,0,-1.000,-1.000,-1.000),('DataHunter','201910092036','DH-lifecycle-0500-useNextPolicy','TRANSACTION',0.112,0.116,0.127,0.004,0.127,19,0,0,-1.000,-1.000,-1.000),('DataHunter','201910092036','DH-lifecycle-0600-displaySelectedPolicies','TRANSACTION',0.118,0.125,0.133,0.005,0.133,7,0,0,-1.000,-1.000,-1.000),('DataHunter','201910092036','DH-lifecycle-9999-finalize-deleteMultiplePolicies','TRANSACTION',0.112,0.115,0.119,0.003,0.119,4,0,0,-1.000,-1.000,-1.000),('DataHunter','201910092036','Memory_localhost_FreePhysicalG','MEMORY',9.000,9.667,10.000,-1.000,-1.000,6,-1,-1,10.000,10.000,58.000),('DataHunter','201910092036','Memory_localhost_FreeVirtualG','MEMORY',10.000,10.000,10.000,-1.000,-1.000,6,-1,-1,10.000,10.000,60.000),('DataHunter','201910092036','This_Thread_Unused_Policy_Count','DATAPOINT',5.000,5.000,5.000,-1.000,-1.000,19,-1,-1,5.000,5.000,95.000),('DataHunter','201910092036','Total_Unused_Policy_Count','DATAPOINT',5.000,7.579,13.000,-1.000,-1.000,19,-1,-1,10.000,5.000,144.000),('DataHunter','201910092036','UNUSED-count-html-demo','TRANSACTION',0.004,0.007,0.012,0.003,0.012,7,0,0,-1.000,-1.000,-1.000),('DataHunter','201910092036','USED-count-html-demo','TRANSACTION',0.001,0.001,0.002,0.000,0.002,7,0,0,-1.000,-1.000,-1.000),('DataHunter','201910092036','localhost','CPU_UTIL',7.000,29.833,48.000,-1.000,0.000,6,-1,-1,35.000,7.000,179.000),('DataHunter','201910092136','DH-lifecycle-0001-gotoDeleteMultiplePoliciesUrl','TRANSACTION',0.013,0.350,0.974,0.440,0.934,30,0,0,-1.000,-1.000,-1.000),('DataHunter','201910092136','DH-lifecycle-0100-deleteMultiplePolicies','TRANSACTION',0.108,0.134,0.181,0.022,0.173,30,0,0,-1.000,-1.000,-1.000),('DataHunter','201910092136','DH-lifecycle-0200-addPolicy','TRANSACTION',0.104,0.115,0.134,0.006,0.123,95,0,0,-1.000,-1.000,-1.000),('DataHunter','201910092136','DH-lifecycle-0299-sometimes-I-fail','TRANSACTION',0.000,0.000,0.001,0.000,0.000,19,0,0,-1.000,-1.000,-1.000),('DataHunter','201910092136','DH-lifecycle-0300-countUnusedPolicies','TRANSACTION',0.113,0.123,0.135,0.005,0.130,19,0,0,-1.000,-1.000,-1.000),('DataHunter','201910092136','DH-lifecycle-0400-countUnusedPoliciesCurrentThread','TRANSACTION',0.115,0.125,0.139,0.007,0.136,19,0,0,-1.000,-1.000,-1.000),('DataHunter','201910092136','DH-lifecycle-0500-useNextPolicy','TRANSACTION',0.110,0.120,0.128,0.005,0.127,19,0,0,-1.000,-1.000,-1.000),('DataHunter','201910092136','DH-lifecycle-0600-displaySelectedPolicies','TRANSACTION',0.123,0.129,0.138,0.005,0.138,7,0,0,-1.000,-1.000,-1.000),('DataHunter','201910092136','DH-lifecycle-9999-finalize-deleteMultiplePolicies','TRANSACTION',0.109,0.120,0.128,0.007,0.128,4,0,0,-1.000,-1.000,-1.000),('DataHunter','201910092136','Memory_localhost_FreePhysicalG','MEMORY',9.000,9.833,10.000,-1.000,-1.000,6,-1,-1,10.000,10.000,59.000),('DataHunter','201910092136','Memory_localhost_FreeVirtualG','MEMORY',10.000,10.000,10.000,-1.000,-1.000,6,-1,-1,10.000,10.000,60.000),('DataHunter','201910092136','This_Thread_Unused_Policy_Count','DATAPOINT',5.000,5.000,5.000,-1.000,-1.000,19,-1,-1,5.000,5.000,95.000),('DataHunter','201910092136','Total_Unused_Policy_Count','DATAPOINT',5.000,7.895,8.000,-1.000,-1.000,19,-1,-1,10.000,5.000,150.000),('DataHunter','201910092136','UNUSED-count-html-demo','TRANSACTION',0.004,0.006,0.009,0.002,0.009,7,0,0,-1.000,-1.000,-1.000),('DataHunter','201910092136','USED-count-html-demo','TRANSACTION',0.001,0.001,0.001,0.000,0.001,7,0,0,-1.000,-1.000,-1.000),('DataHunter','201910092136','localhost','CPU_UTIL',21.000,28.000,32.000,-1.000,0.000,6,-1,-1,22.000,32.000,168.000),('DataHunter','201910092236','DH-lifecycle-0001-gotoDeleteMultiplePoliciesUrl','TRANSACTION',0.012,0.350,0.959,0.434,0.922,32,0,0,-1.000,-1.000,-1.000),('DataHunter','201910092236','DH-lifecycle-0100-deleteMultiplePolicies','TRANSACTION',0.109,0.128,0.188,0.018,0.150,32,0,0,-1.000,-1.000,-1.000),('DataHunter','201910092236','DH-lifecycle-0200-addPolicy','TRANSACTION',0.103,0.113,0.131,0.006,0.121,100,0,0,-1.000,-1.000,-1.000),('DataHunter','201910092236','DH-lifecycle-0299-sometimes-I-fail','TRANSACTION',0.000,0.000,0.000,0.000,0.000,20,0,0,-1.000,-1.000,-1.000),('DataHunter','201910092236','DH-lifecycle-0300-countUnusedPolicies','TRANSACTION',0.110,0.118,0.130,0.005,0.125,20,0,0,-1.000,-1.000,-1.000),('DataHunter','201910092236','DH-lifecycle-0400-countUnusedPoliciesCurrentThread','TRANSACTION',0.111,0.122,0.137,0.008,0.133,20,0,0,-1.000,-1.000,-1.000),('DataHunter','201910092236','DH-lifecycle-0500-useNextPolicy','TRANSACTION',0.112,0.119,0.134,0.006,0.126,20,0,0,-1.000,-1.000,-1.000),('DataHunter','201910092236','DH-lifecycle-0600-displaySelectedPolicies','TRANSACTION',0.115,0.130,0.145,0.008,0.145,8,0,0,-1.000,-1.000,-1.000),('DataHunter','201910092236','DH-lifecycle-9999-finalize-deleteMultiplePolicies','TRANSACTION',0.114,0.117,0.121,0.003,0.121,4,0,0,-1.000,-1.000,-1.000),('DataHunter','201910092236','Memory_localhost_FreePhysicalG','MEMORY',9.000,9.833,10.000,-1.000,-1.000,6,-1,-1,10.000,10.000,59.000),('DataHunter','201910092236','Memory_localhost_FreeVirtualG','MEMORY',10.000,10.167,11.000,-1.000,-1.000,6,-1,-1,10.000,11.000,61.000),('DataHunter','201910092236','This_Thread_Unused_Policy_Count','DATAPOINT',5.000,5.000,5.000,-1.000,-1.000,20,-1,-1,5.000,5.000,100.000),('DataHunter','201910092236','Total_Unused_Policy_Count','DATAPOINT',5.000,8.100,10.000,-1.000,-1.000,20,-1,-1,10.000,5.000,162.000),('DataHunter','201910092236','UNUSED-count-html-demo','TRANSACTION',0.004,0.006,0.010,0.002,0.010,8,0,0,-1.000,-1.000,-1.000),('DataHunter','201910092236','USED-count-html-demo','TRANSACTION',0.001,0.001,0.001,0.000,0.001,8,0,0,-1.000,-1.000,-1.000),('DataHunter','201910092236','localhost','CPU_UTIL',26.000,30.333,33.000,-1.000,0.000,6,-1,-1,27.000,26.000,182.000),('DataHunter','201910092336','DH-lifecycle-0001-gotoDeleteMultiplePoliciesUrl','TRANSACTION',0.012,0.354,1.012,0.439,0.926,32,0,0,-1.000,-1.000,-1.000),('DataHunter','201910092336','DH-lifecycle-0100-deleteMultiplePolicies','TRANSACTION',0.110,0.128,0.182,0.018,0.150,32,0,0,-1.000,-1.000,-1.000),('DataHunter','201910092336','DH-lifecycle-0200-addPolicy','TRANSACTION',0.104,0.112,0.131,0.006,0.120,100,0,0,-1.000,-1.000,-1.000),('DataHunter','201910092336','DH-lifecycle-0299-sometimes-I-fail','TRANSACTION',0.000,0.000,0.001,0.000,0.000,20,0,0,-1.000,-1.000,-1.000),('DataHunter','201910092336','DH-lifecycle-0300-countUnusedPolicies','TRANSACTION',0.110,0.117,0.124,0.004,0.123,20,0,0,-1.000,-1.000,-1.000),('DataHunter','201910092336','DH-lifecycle-0400-countUnusedPoliciesCurrentThread','TRANSACTION',0.106,0.121,0.136,0.008,0.130,20,0,0,-1.000,-1.000,-1.000),('DataHunter','201910092336','DH-lifecycle-0500-useNextPolicy','TRANSACTION',0.110,0.117,0.127,0.004,0.124,20,0,0,-1.000,-1.000,-1.000),('DataHunter','201910092336','DH-lifecycle-0600-displaySelectedPolicies','TRANSACTION',0.117,0.127,0.133,0.005,0.133,8,0,0,-1.000,-1.000,-1.000),('DataHunter','201910092336','DH-lifecycle-9999-finalize-deleteMultiplePolicies','TRANSACTION',0.113,0.121,0.133,0.007,0.133,4,0,0,-1.000,-1.000,-1.000),('DataHunter','201910092336','Memory_localhost_FreePhysicalG','MEMORY',9.000,9.833,10.000,-1.000,-1.000,6,-1,-1,10.000,10.000,59.000),('DataHunter','201910092336','Memory_localhost_FreeVirtualG','MEMORY',10.000,10.000,10.000,-1.000,-1.000,6,-1,-1,10.000,10.000,60.000),('DataHunter','201910092336','This_Thread_Unused_Policy_Count','DATAPOINT',5.000,5.000,5.000,-1.000,-1.000,20,-1,-1,5.000,5.000,100.000),('DataHunter','201910092336','Total_Unused_Policy_Count','DATAPOINT',5.000,8.050,10.000,-1.000,-1.000,20,-1,-1,10.000,10.000,161.000),('DataHunter','201910092336','UNUSED-count-html-demo','TRANSACTION',0.004,0.007,0.013,0.003,0.013,8,0,0,-1.000,-1.000,-1.000),('DataHunter','201910092336','USED-count-html-demo','TRANSACTION',0.001,0.001,0.002,0.000,0.002,8,0,0,-1.000,-1.000,-1.000),('DataHunter','201910092336','localhost','CPU_UTIL',24.000,34.500,32.000,-1.000,0.000,6,-1,-1,30.000,32.000,207.000),('DataHunter','201910100936','DH-lifecycle-0001-gotoDeleteMultiplePoliciesUrl','TRANSACTION',0.015,0.366,1.040,0.458,0.975,30,0,0,-1.000,-1.000,-1.000),('DataHunter','201910100936','DH-lifecycle-0100-deleteMultiplePolicies','TRANSACTION',0.124,0.155,0.221,0.027,0.194,30,0,0,-1.000,-1.000,-1.000),('DataHunter','201910100936','DH-lifecycle-0200-addPolicy','TRANSACTION',0.116,0.130,0.151,0.008,0.140,95,0,0,-1.000,-1.000,-1.000),('DataHunter','201910100936','DH-lifecycle-0299-sometimes-I-fail','TRANSACTION',0.000,0.000,0.001,0.000,0.000,19,0,0,-1.000,-1.000,-1.000),('DataHunter','201910100936','DH-lifecycle-0300-countUnusedPolicies','TRANSACTION',0.126,0.139,0.159,0.006,0.145,19,0,0,-1.000,-1.000,-1.000),('DataHunter','201910100936','DH-lifecycle-0400-countUnusedPoliciesCurrentThread','TRANSACTION',0.132,0.142,0.153,0.007,0.152,19,0,0,-1.000,-1.000,-1.000),('DataHunter','201910100936','DH-lifecycle-0500-useNextPolicy','TRANSACTION',0.126,0.140,0.167,0.009,0.148,19,0,0,-1.000,-1.000,-1.000),('DataHunter','201910100936','DH-lifecycle-0600-displaySelectedPolicies','TRANSACTION',0.137,0.145,0.158,0.007,0.158,7,0,0,-1.000,-1.000,-1.000),('DataHunter','201910100936','DH-lifecycle-9999-finalize-deleteMultiplePolicies','TRANSACTION',0.129,0.137,0.150,0.009,0.150,4,0,0,-1.000,-1.000,-1.000),('DataHunter','201910100936','Memory_localhost_FreePhysicalG','MEMORY',10.000,10.000,10.000,-1.000,-1.000,6,-1,-1,10.000,10.000,60.000),('DataHunter','201910100936','Memory_localhost_FreeVirtualG','MEMORY',10.000,10.333,11.000,-1.000,-1.000,6,-1,-1,11.000,11.000,62.000),('DataHunter','201910100936','This_Thread_Unused_Policy_Count','DATAPOINT',5.000,5.000,5.000,-1.000,-1.000,19,-1,-1,5.000,5.000,95.000),('DataHunter','201910100936','Total_Unused_Policy_Count','DATAPOINT',5.000,10.737,9.000,-1.000,-1.000,19,-1,-1,10.000,9.000,204.000),('DataHunter','201910100936','UNUSED-count-html-demo','TRANSACTION',0.004,0.007,0.014,0.003,0.014,7,0,0,-1.000,-1.000,-1.000),('DataHunter','201910100936','USED-count-html-demo','TRANSACTION',0.001,0.001,0.002,0.000,0.002,7,0,0,-1.000,-1.000,-1.000),('DataHunter','201910100936','localhost','CPU_UTIL',18.000,35.000,46.000,-1.000,0.000,6,-1,-1,27.000,46.000,210.000),('DataHunter','201910101037','DH-lifecycle-0001-gotoDeleteMultiplePoliciesUrl','TRANSACTION',0.015,0.363,1.035,0.463,1.007,28,0,0,-1.000,-1.000,-1.000),('DataHunter','201910101037','DH-lifecycle-0100-deleteMultiplePolicies','TRANSACTION',0.132,0.153,0.187,0.016,0.176,28,0,0,-1.000,-1.000,-1.000),('DataHunter','201910101037','DH-lifecycle-0200-addPolicy','TRANSACTION',0.123,0.136,0.157,0.008,0.147,90,0,0,-1.000,-1.000,-1.000),('DataHunter','201910101037','DH-lifecycle-0299-sometimes-I-fail','TRANSACTION',0.000,0.000,0.001,0.000,0.000,18,0,0,-1.000,-1.000,-1.000),('DataHunter','201910101037','DH-lifecycle-0300-countUnusedPolicies','TRANSACTION',0.130,0.143,0.153,0.006,0.150,18,0,0,-1.000,-1.000,-1.000),('DataHunter','201910101037','DH-lifecycle-0400-countUnusedPoliciesCurrentThread','TRANSACTION',0.130,0.144,0.165,0.009,0.158,18,0,0,-1.000,-1.000,-1.000),('DataHunter','201910101037','DH-lifecycle-0500-useNextPolicy','TRANSACTION',0.132,0.147,0.159,0.006,0.154,18,0,0,-1.000,-1.000,-1.000),('DataHunter','201910101037','DH-lifecycle-0600-displaySelectedPolicies','TRANSACTION',0.144,0.155,0.175,0.010,0.175,6,0,0,-1.000,-1.000,-1.000),('DataHunter','201910101037','DH-lifecycle-9999-finalize-deleteMultiplePolicies','TRANSACTION',0.131,0.137,0.143,0.005,0.143,4,0,0,-1.000,-1.000,-1.000),('DataHunter','201910101037','Memory_localhost_FreePhysicalG','MEMORY',9.000,9.500,10.000,-1.000,-1.000,6,-1,-1,10.000,10.000,57.000),('DataHunter','201910101037','Memory_localhost_FreeVirtualG','MEMORY',10.000,10.000,10.000,-1.000,-1.000,6,-1,-1,10.000,10.000,60.000),('DataHunter','201910101037','This_Thread_Unused_Policy_Count','DATAPOINT',5.000,5.000,5.000,-1.000,-1.000,18,-1,-1,5.000,5.000,90.000),('DataHunter','201910101037','Total_Unused_Policy_Count','DATAPOINT',5.000,9.500,6.000,-1.000,-1.000,18,-1,-1,10.000,5.000,171.000),('DataHunter','201910101037','UNUSED-count-html-demo','TRANSACTION',0.004,0.008,0.014,0.003,0.014,6,0,0,-1.000,-1.000,-1.000),('DataHunter','201910101037','USED-count-html-demo','TRANSACTION',0.001,0.001,0.001,0.000,0.001,6,0,0,-1.000,-1.000,-1.000),('DataHunter','201910101037','localhost','CPU_UTIL',17.000,30.000,41.000,-1.000,0.000,6,-1,-1,25.000,17.000,180.000),('DataHunter','201910101106','DH-lifecycle-0001-gotoDeleteMultiplePoliciesUrl','TRANSACTION',0.015,0.345,1.017,0.433,0.954,52,0,0,-1.000,-1.000,-1.000),('DataHunter','201910101106','DH-lifecycle-0100-deleteMultiplePolicies','TRANSACTION',0.121,0.147,0.293,0.027,0.170,52,0,0,-1.000,-1.000,-1.000),('DataHunter','201910101106','DH-lifecycle-0200-addPolicy','TRANSACTION',0.111,0.127,0.164,0.008,0.137,165,0,0,-1.000,-1.000,-1.000),('DataHunter','201910101106','DH-lifecycle-0299-sometimes-I-fail','TRANSACTION',0.000,0.000,0.001,0.000,0.000,29,4,0,-1.000,-1.000,-1.000),('DataHunter','201910101106','DH-lifecycle-0300-countUnusedPolicies','TRANSACTION',0.123,0.135,0.152,0.008,0.145,33,0,0,-1.000,-1.000,-1.000),('DataHunter','201910101106','DH-lifecycle-0400-countUnusedPoliciesCurrentThread','TRANSACTION',0.126,0.140,0.179,0.011,0.154,33,0,0,-1.000,-1.000,-1.000),('DataHunter','201910101106','DH-lifecycle-0500-useNextPolicy','TRANSACTION',0.125,0.137,0.153,0.007,0.146,33,0,0,-1.000,-1.000,-1.000),('DataHunter','201910101106','DH-lifecycle-0600-displaySelectedPolicies','TRANSACTION',0.133,0.142,0.154,0.006,0.149,12,0,0,-1.000,-1.000,-1.000),('DataHunter','201910101106','DH-lifecycle-9999-finalize-deleteMultiplePolicies','TRANSACTION',0.122,0.131,0.140,0.006,0.140,7,0,0,-1.000,-1.000,-1.000),('DataHunter','201910101106','Memory_localhost_FreePhysicalG','MEMORY',9.000,18.273,26.000,-1.000,-1.000,11,-1,-1,26.000,26.000,201.000),('DataHunter','201910101106','Memory_localhost_FreeVirtualG','MEMORY',8.000,19.636,29.000,-1.000,-1.000,11,-1,-1,29.000,29.000,216.000),('DataHunter','201910101106','This_Thread_Unused_Policy_Count','DATAPOINT',5.000,5.000,5.000,-1.000,-1.000,33,-1,-1,5.000,5.000,165.000),('DataHunter','201910101106','Total_Unused_Policy_Count','DATAPOINT',5.000,17.485,12.000,-1.000,-1.000,33,-1,-1,20.000,12.000,577.000),('DataHunter','201910101106','UNUSED-count-html-demo','TRANSACTION',0.004,0.012,0.019,0.005,0.019,12,0,0,-1.000,-1.000,-1.000),('DataHunter','201910101106','USED-count-html-demo','TRANSACTION',0.001,0.002,0.004,0.001,0.002,12,0,0,-1.000,-1.000,-1.000),('DataHunter','201910101106','localhost','CPU_UTIL',17.000,30.818,22.000,-1.000,0.000,11,-1,-1,26.000,22.000,339.000),('DataHunter','201910101125','DH-lifecycle-0001-gotoDeleteMultiplePoliciesUrl','TRANSACTION',0.015,0.360,1.021,0.450,0.971,30,0,0,-1.000,-1.000,-1.000),('DataHunter','201910101125','DH-lifecycle-0100-deleteMultiplePolicies','TRANSACTION',0.123,0.148,0.210,0.020,0.167,30,0,0,-1.000,-1.000,-1.000),('DataHunter','201910101125','DH-lifecycle-0200-addPolicy','TRANSACTION',0.114,0.128,0.151,0.008,0.140,95,0,0,-1.000,-1.000,-1.000),('DataHunter','201910101125','DH-lifecycle-0299-sometimes-I-fail','TRANSACTION',0.000,0.000,0.001,0.000,0.000,19,0,0,-1.000,-1.000,-1.000),('DataHunter','201910101125','DH-lifecycle-0300-countUnusedPolicies','TRANSACTION',0.121,0.136,0.151,0.007,0.146,19,0,0,-1.000,-1.000,-1.000),('DataHunter','201910101125','DH-lifecycle-0400-countUnusedPoliciesCurrentThread','TRANSACTION',0.127,0.142,0.154,0.008,0.152,19,0,0,-1.000,-1.000,-1.000),('DataHunter','201910101125','DH-lifecycle-0500-useNextPolicy','TRANSACTION',0.128,0.137,0.151,0.006,0.146,19,0,0,-1.000,-1.000,-1.000),('DataHunter','201910101125','DH-lifecycle-0600-displaySelectedPolicies','TRANSACTION',0.129,0.144,0.166,0.011,0.166,7,0,0,-1.000,-1.000,-1.000),('DataHunter','201910101125','DH-lifecycle-9999-finalize-deleteMultiplePolicies','TRANSACTION',0.129,0.137,0.142,0.005,0.142,4,0,0,-1.000,-1.000,-1.000),('DataHunter','201910101125','Memory_localhost_FreePhysicalG','MEMORY',9.000,9.333,10.000,-1.000,-1.000,6,-1,-1,10.000,10.000,56.000),('DataHunter','201910101125','Memory_localhost_FreeVirtualG','MEMORY',10.000,10.000,10.000,-1.000,-1.000,6,-1,-1,10.000,10.000,60.000),('DataHunter','201910101125','This_Thread_Unused_Policy_Count','DATAPOINT',5.000,5.000,5.000,-1.000,-1.000,19,-1,-1,5.000,5.000,95.000),('DataHunter','201910101125','Total_Unused_Policy_Count','DATAPOINT',10.000,14.526,14.000,-1.000,-1.000,19,-1,-1,15.000,10.000,276.000),('DataHunter','201910101125','UNUSED-count-html-demo','DATAPOINT',9.000,11.143,14.000,-1.000,-1.000,7,-1,-1,13.000,9.000,78.000),('DataHunter','201910101125','USED-count-html-demo','DATAPOINT',1.000,1.143,2.000,-1.000,-1.000,7,-1,-1,2.000,1.000,8.000),('DataHunter','201910101125','localhost','CPU_UTIL',18.000,28.000,25.000,-1.000,0.000,6,-1,-1,21.000,18.000,168.000),('DataHunterDistributed','201909051313','DATAHUNTER_PV_TEST_This_Thread_Unused_Policy_Count','DATAPOINT',5.000,5.000,5.000,-1.000,-1.000,46,-1,-1,5.000,5.000,230.000),('DataHunterDistributed','201909051313','DATAHUNTER_PV_TEST_Total_Unused_Policy_Count','DATAPOINT',5.000,25.370,12.000,-1.000,-1.000,46,-1,-1,21.000,12.000,1167.000),('DataHunterDistributed','201909051313','DH-lifecycle-0001-initiate-deleteMultiplePolicies','TRANSACTION',0.145,0.195,0.243,0.035,0.243,7,0,0,-1.000,-1.000,-1.000),('DataHunterDistributed','201909051313','DH-lifecycle-0100-deleteMultiplePolicies','TRANSACTION',0.105,0.187,0.567,0.092,0.284,74,0,0,-1.000,-1.000,-1.000),('DataHunterDistributed','201909051313','DH-lifecycle-0200-addPolicy','TRANSACTION',0.319,0.486,1.230,0.148,0.653,230,0,0,-1.000,-1.000,-1.000),('DataHunterDistributed','201909051313','DH-lifecycle-0299-sometimes-I-fail','TRANSACTION',0.000,0.000,0.000,0.000,0.000,38,8,0,-1.000,-1.000,-1.000),('DataHunterDistributed','201909051313','DH-lifecycle-0300-countUnusedPolicies','TRANSACTION',0.103,0.152,0.593,0.073,0.196,46,0,0,-1.000,-1.000,-1.000),('DataHunterDistributed','201909051313','DH-lifecycle-0350-countUnusedPoliciesCurrentThread','TRANSACTION',0.108,0.160,0.287,0.042,0.217,46,0,0,-1.000,-1.000,-1.000),('DataHunterDistributed','201909051313','DH-lifecycle-0400-lookupNextPolicy','TRANSACTION',0.177,0.250,0.404,0.060,0.349,46,0,0,-1.000,-1.000,-1.000),('DataHunterDistributed','201909051313','DH-lifecycle-0500-useNextPolicy','TRANSACTION',0.177,0.238,0.363,0.054,0.327,46,0,0,-1.000,-1.000,-1.000),('DataHunterDistributed','201909051313','DH-lifecycle-9999-finalize-deleteMultiplePolicies','TRANSACTION',0.104,0.143,0.221,0.037,0.221,7,0,0,-1.000,-1.000,-1.000),('DataHunterDistributed','201909051313','Memory_localhost_FreePhysicalG','MEMORY',8.000,17.909,26.000,-1.000,-1.000,11,-1,-1,26.000,26.000,197.000),('DataHunterDistributed','201909051313','Memory_localhost_FreeVirtualG','MEMORY',7.000,18.909,29.000,-1.000,-1.000,11,-1,-1,29.000,29.000,208.000),('DataHunterDistributed','201909051313','localhost','CPU_UTIL',26.000,71.909,85.000,-1.000,27.270,11,-1,-1,53.000,26.000,791.000),('DataHunterDistributed','201909051407','DATAHUNTER_PV_TEST_This_Thread_Unused_Policy_Count','DATAPOINT',5.000,5.000,5.000,-1.000,-1.000,40,-1,-1,5.000,5.000,200.000),('DataHunterDistributed','201909051407','DATAHUNTER_PV_TEST_Total_Unused_Policy_Count','DATAPOINT',8.000,23.625,10.000,-1.000,-1.000,40,-1,-1,27.000,10.000,945.000),('DataHunterDistributed','201909051407','DH-lifecycle-0001-initiate-deleteMultiplePolicies','TRANSACTION',0.138,0.168,0.192,0.024,0.192,6,0,0,-1.000,-1.000,-1.000),('DataHunterDistributed','201909051407','DH-lifecycle-0100-deleteMultiplePolicies','TRANSACTION',0.098,0.148,0.350,0.044,0.189,62,0,0,-1.000,-1.000,-1.000),('DataHunterDistributed','201909051407','DH-lifecycle-0200-addPolicy','TRANSACTION',0.314,0.417,0.727,0.073,0.506,200,0,0,-1.000,-1.000,-1.000),('DataHunterDistributed','201909051407','DH-lifecycle-0299-sometimes-I-fail','TRANSACTION',0.000,0.000,0.000,0.000,0.000,31,9,0,-1.000,-1.000,-1.000),('DataHunterDistributed','201909051407','DH-lifecycle-0300-countUnusedPolicies','TRANSACTION',0.097,0.128,0.171,0.018,0.153,40,0,0,-1.000,-1.000,-1.000),('DataHunterDistributed','201909051407','DH-lifecycle-0350-countUnusedPoliciesCurrentThread','TRANSACTION',0.102,0.142,0.209,0.024,0.167,40,0,0,-1.000,-1.000,-1.000),('DataHunterDistributed','201909051407','DH-lifecycle-0400-lookupNextPolicy','TRANSACTION',0.172,0.228,0.289,0.032,0.268,40,0,0,-1.000,-1.000,-1.000),('DataHunterDistributed','201909051407','DH-lifecycle-0500-useNextPolicy','TRANSACTION',0.168,0.224,0.323,0.041,0.275,40,0,0,-1.000,-1.000,-1.000),('DataHunterDistributed','201909051407','DH-lifecycle-9999-finalize-deleteMultiplePolicies','TRANSACTION',0.107,0.122,0.134,0.010,0.134,6,0,0,-1.000,-1.000,-1.000),('DataHunterDistributed','201909051407','Memory_localhost_FreePhysicalG','MEMORY',8.000,17.818,26.000,-1.000,-1.000,11,-1,-1,26.000,26.000,196.000),('DataHunterDistributed','201909051407','Memory_localhost_FreeVirtualG','MEMORY',7.000,18.909,29.000,-1.000,-1.000,11,-1,-1,29.000,29.000,208.000),('DataHunterDistributed','201909051407','localhost','CPU_UTIL',18.000,57.091,66.000,-1.000,0.000,11,-1,-1,31.000,18.000,628.000),('DataHunterDistributed','201909051457','DATAHUNTER_PV_TEST_This_Thread_Unused_Policy_Count','DATAPOINT',5.000,5.000,5.000,-1.000,-1.000,43,-1,-1,5.000,5.000,215.000),('DataHunterDistributed','201909051457','DATAHUNTER_PV_TEST_Total_Unused_Policy_Count','DATAPOINT',9.000,24.907,23.000,-1.000,-1.000,43,-1,-1,18.000,9.000,1071.000),('DataHunterDistributed','201909051457','DH-lifecycle-0001-initiate-deleteMultiplePolicies','TRANSACTION',0.161,0.174,0.193,0.010,0.193,6,0,0,-1.000,-1.000,-1.000),('DataHunterDistributed','201909051457','DH-lifecycle-0100-deleteMultiplePolicies','TRANSACTION',0.106,0.153,0.304,0.042,0.218,68,0,0,-1.000,-1.000,-1.000),('DataHunterDistributed','201909051457','DH-lifecycle-0200-addPolicy','TRANSACTION',0.333,0.413,0.645,0.041,0.466,215,0,0,-1.000,-1.000,-1.000),('DataHunterDistributed','201909051457','DH-lifecycle-0299-sometimes-I-fail','TRANSACTION',0.000,0.000,0.001,0.000,0.000,35,8,0,-1.000,-1.000,-1.000),('DataHunterDistributed','201909051457','DH-lifecycle-0300-countUnusedPolicies','TRANSACTION',0.104,0.140,0.264,0.031,0.167,43,0,0,-1.000,-1.000,-1.000),('DataHunterDistributed','201909051457','DH-lifecycle-0350-countUnusedPoliciesCurrentThread','TRANSACTION',0.118,0.144,0.219,0.022,0.178,43,0,0,-1.000,-1.000,-1.000),('DataHunterDistributed','201909051457','DH-lifecycle-0400-lookupNextPolicy','TRANSACTION',0.187,0.236,0.394,0.039,0.273,43,0,0,-1.000,-1.000,-1.000),('DataHunterDistributed','201909051457','DH-lifecycle-0500-useNextPolicy','TRANSACTION',0.185,0.233,0.354,0.039,0.293,43,0,0,-1.000,-1.000,-1.000),('DataHunterDistributed','201909051457','DH-lifecycle-9999-finalize-deleteMultiplePolicies','TRANSACTION',0.121,0.127,0.134,0.005,0.134,6,0,0,-1.000,-1.000,-1.000),('DataHunterDistributed','201909051457','Memory_localhost_FreePhysicalG','MEMORY',8.000,16.182,25.000,-1.000,-1.000,11,-1,-1,26.000,8.000,178.000),('DataHunterDistributed','201909051457','Memory_localhost_FreeVirtualG','MEMORY',6.000,16.909,7.000,-1.000,-1.000,11,-1,-1,29.000,7.000,186.000),('DataHunterDistributed','201909051457','localhost','CPU_UTIL',31.000,63.636,59.000,-1.000,0.000,11,-1,-1,31.000,59.000,700.000),('DataHunterDistributed','201909051732','DH-lifecycle-0001-initiate-deleteMultiplePolicies','TRANSACTION',0.141,0.152,0.170,0.011,0.170,6,0,0,-1.000,-1.000,-1.000),('DataHunterDistributed','201909051732','DH-lifecycle-0100-deleteMultiplePolicies','TRANSACTION',0.093,0.124,0.176,0.025,0.165,68,0,0,-1.000,-1.000,-1.000),('DataHunterDistributed','201909051732','DH-lifecycle-0200-addPolicy','TRANSACTION',0.300,0.343,0.504,0.028,0.375,215,0,0,-1.000,-1.000,-1.000),('DataHunterDistributed','201909051732','DH-lifecycle-0299-sometimes-I-fail','TRANSACTION',0.000,0.000,0.001,0.000,0.000,28,15,0,-1.000,-1.000,-1.000),('DataHunterDistributed','201909051732','DH-lifecycle-0300-countUnusedPolicies','TRANSACTION',0.096,0.112,0.248,0.026,0.119,43,0,0,-1.000,-1.000,-1.000),('DataHunterDistributed','201909051732','DH-lifecycle-0350-countUnusedPoliciesCurrentThread','TRANSACTION',0.098,0.116,0.132,0.008,0.124,43,0,0,-1.000,-1.000,-1.000),('DataHunterDistributed','201909051732','DH-lifecycle-0400-lookupNextPolicy','TRANSACTION',0.157,0.192,0.267,0.020,0.209,43,0,0,-1.000,-1.000,-1.000),('DataHunterDistributed','201909051732','DH-lifecycle-0500-useNextPolicy','TRANSACTION',0.162,0.186,0.257,0.017,0.205,43,0,0,-1.000,-1.000,-1.000),('DataHunterDistributed','201909051732','DH-lifecycle-9999-finalize-deleteMultiplePolicies','TRANSACTION',0.095,0.101,0.113,0.006,0.113,6,0,0,-1.000,-1.000,-1.000),('DataHunterDistributed','201909051732','Memory_localhost_FreePhysicalG','MEMORY',8.000,16.273,26.000,-1.000,-1.000,11,-1,-1,26.000,8.000,179.000),('DataHunterDistributed','201909051732','Memory_localhost_FreeVirtualG','MEMORY',6.000,16.909,7.000,-1.000,-1.000,11,-1,-1,29.000,7.000,186.000),('DataHunterDistributed','201909051732','This_Thread_Unused_Policy_Count','DATAPOINT',5.000,5.000,5.000,-1.000,-1.000,43,-1,-1,5.000,5.000,215.000),('DataHunterDistributed','201909051732','Total_Unused_Policy_Count','DATAPOINT',9.000,21.535,22.000,-1.000,-1.000,43,-1,-1,19.000,22.000,926.000),('DataHunterDistributed','201909051732','localhost','CPU_UTIL',27.000,48.818,50.000,-1.000,0.000,11,-1,-1,27.000,50.000,537.000),('DataHunterDistributed','201909091732','DH-lifecycle-0001-initiate-deleteMultiplePolicies','TRANSACTION',0.144,0.163,0.200,0.018,0.200,7,0,0,-1.000,-1.000,-1.000),('DataHunterDistributed','201909091732','DH-lifecycle-0100-deleteMultiplePolicies','TRANSACTION',0.102,0.136,0.227,0.029,0.171,65,0,0,-1.000,-1.000,-1.000),('DataHunterDistributed','201909091732','DH-lifecycle-0200-addPolicy','TRANSACTION',0.306,0.399,2.366,0.229,0.414,215,0,0,-1.000,-1.000,-1.000),('DataHunterDistributed','201909091732','DH-lifecycle-0299-sometimes-I-fail','TRANSACTION',0.000,0.000,0.000,0.000,0.000,30,13,0,-1.000,-1.000,-1.000),('DataHunterDistributed','201909091732','DH-lifecycle-0300-countUnusedPolicies','TRANSACTION',0.102,0.115,0.138,0.009,0.127,43,0,0,-1.000,-1.000,-1.000),('DataHunterDistributed','201909091732','DH-lifecycle-0350-countUnusedPoliciesCurrentThread','TRANSACTION',0.104,0.129,0.274,0.025,0.143,43,0,0,-1.000,-1.000,-1.000),('DataHunterDistributed','201909091732','DH-lifecycle-0400-lookupNextPolicy','TRANSACTION',0.174,0.205,0.295,0.020,0.224,43,0,0,-1.000,-1.000,-1.000),('DataHunterDistributed','201909091732','DH-lifecycle-0500-useNextPolicy','TRANSACTION',0.172,0.210,0.365,0.038,0.223,43,0,0,-1.000,-1.000,-1.000),('DataHunterDistributed','201909091732','DH-lifecycle-9999-finalize-deleteMultiplePolicies','TRANSACTION',0.101,0.116,0.126,0.009,0.126,7,0,0,-1.000,-1.000,-1.000),('DataHunterDistributed','201909091732','Memory_localhost_FreePhysicalG','MEMORY',8.000,16.727,9.000,-1.000,-1.000,11,-1,-1,27.000,9.000,184.000),('DataHunterDistributed','201909091732','Memory_localhost_FreeVirtualG','MEMORY',7.000,17.455,29.000,-1.000,-1.000,11,-1,-1,30.000,7.000,192.000),('DataHunterDistributed','201909091732','This_Thread_Unused_Policy_Count','DATAPOINT',5.000,5.000,5.000,-1.000,-1.000,43,-1,-1,5.000,5.000,215.000),('DataHunterDistributed','201909091732','Total_Unused_Policy_Count','DATAPOINT',6.000,22.349,18.000,-1.000,-1.000,43,-1,-1,18.000,6.000,961.000),('DataHunterDistributed','201909091732','localhost','CPU_UTIL',25.000,55.364,42.000,-1.000,0.000,11,-1,-1,25.000,42.000,609.000),('DataHunterDistributed','201909130822','DH-lifecycle-0001-initiate-deleteMultiplePolicies','TRANSACTION',0.127,0.155,0.214,0.030,0.214,6,0,0,-1.000,-1.000,-1.000),('DataHunterDistributed','201909130822','DH-lifecycle-0100-deleteMultiplePolicies','TRANSACTION',0.088,0.120,0.294,0.032,0.158,72,0,0,-1.000,-1.000,-1.000),('DataHunterDistributed','201909130822','DH-lifecycle-0200-addPolicy','TRANSACTION',0.278,0.325,0.716,0.051,0.355,225,0,0,-1.000,-1.000,-1.000),('DataHunterDistributed','201909130822','DH-lifecycle-0299-sometimes-I-fail','TRANSACTION',0.000,0.000,0.000,0.000,0.000,28,17,0,-1.000,-1.000,-1.000),('DataHunterDistributed','201909130822','DH-lifecycle-0300-countUnusedPolicies','TRANSACTION',0.092,0.104,0.223,0.022,0.109,45,0,0,-1.000,-1.000,-1.000),('DataHunterDistributed','201909130822','DH-lifecycle-0350-countUnusedPoliciesCurrentThread','TRANSACTION',0.091,0.109,0.171,0.013,0.126,45,0,0,-1.000,-1.000,-1.000),('DataHunterDistributed','201909130822','DH-lifecycle-0400-lookupNextPolicy','TRANSACTION',0.154,0.180,0.307,0.023,0.191,45,0,0,-1.000,-1.000,-1.000),('DataHunterDistributed','201909130822','DH-lifecycle-0500-useNextPolicy','TRANSACTION',0.151,0.171,0.217,0.015,0.185,45,0,0,-1.000,-1.000,-1.000),('DataHunterDistributed','201909130822','DH-lifecycle-9999-finalize-deleteMultiplePolicies','TRANSACTION',0.090,0.101,0.108,0.007,0.108,6,0,0,-1.000,-1.000,-1.000),('DataHunterDistributed','201909130822','Memory_localhost_FreePhysicalG','MEMORY',9.000,16.909,26.000,-1.000,-1.000,11,-1,-1,27.000,9.000,186.000),('DataHunterDistributed','201909130822','Memory_localhost_FreeVirtualG','MEMORY',8.000,18.455,9.000,-1.000,-1.000,11,-1,-1,30.000,9.000,203.000),('DataHunterDistributed','201909130822','This_Thread_Unused_Policy_Count','DATAPOINT',5.000,5.000,5.000,-1.000,-1.000,45,-1,-1,5.000,5.000,225.000),('DataHunterDistributed','201909130822','Total_Unused_Policy_Count','DATAPOINT',5.000,20.600,16.000,-1.000,-1.000,45,-1,-1,16.000,5.000,927.000),('DataHunterDistributed','201909130822','localhost','CPU_UTIL',28.000,52.091,54.000,-1.000,0.000,11,-1,-1,28.000,54.000,573.000),('DataHunterDistributed','201909131732','DH-lifecycle-0001-initiate-deleteMultiplePolicies','TRANSACTION',0.129,0.155,0.190,0.021,0.190,6,0,0,-1.000,-1.000,-1.000),('DataHunterDistributed','201909131732','DH-lifecycle-0100-deleteMultiplePolicies','TRANSACTION',0.089,0.121,0.219,0.028,0.163,66,0,0,-1.000,-1.000,-1.000),('DataHunterDistributed','201909131732','DH-lifecycle-0200-addPolicy','TRANSACTION',0.282,0.336,0.705,0.035,0.365,210,0,0,-1.000,-1.000,-1.000),('DataHunterDistributed','201909131732','DH-lifecycle-0299-sometimes-I-fail','TRANSACTION',0.000,0.000,0.000,0.000,0.000,37,5,0,-1.000,-1.000,-1.000),('DataHunterDistributed','201909131732','DH-lifecycle-0300-countUnusedPolicies','TRANSACTION',0.094,0.107,0.158,0.012,0.118,42,0,0,-1.000,-1.000,-1.000),('DataHunterDistributed','201909131732','DH-lifecycle-0350-countUnusedPoliciesCurrentThread','TRANSACTION',0.096,0.113,0.134,0.008,0.122,42,0,0,-1.000,-1.000,-1.000),('DataHunterDistributed','201909131732','DH-lifecycle-0400-lookupNextPolicy','TRANSACTION',0.161,0.187,0.244,0.017,0.206,42,0,0,-1.000,-1.000,-1.000),('DataHunterDistributed','201909131732','DH-lifecycle-0500-useNextPolicy','TRANSACTION',0.155,0.182,0.235,0.017,0.209,42,0,0,-1.000,-1.000,-1.000),('DataHunterDistributed','201909131732','DH-lifecycle-9999-finalize-deleteMultiplePolicies','TRANSACTION',0.094,0.099,0.102,0.003,0.102,6,0,0,-1.000,-1.000,-1.000),('DataHunterDistributed','201909131732','Memory_localhost_FreePhysicalG','MEMORY',8.000,18.000,26.000,-1.000,-1.000,11,-1,-1,27.000,26.000,198.000),('DataHunterDistributed','201909131732','Memory_localhost_FreeVirtualG','MEMORY',7.000,19.455,30.000,-1.000,-1.000,11,-1,-1,30.000,30.000,214.000),('DataHunterDistributed','201909131732','This_Thread_Unused_Policy_Count','DATAPOINT',5.000,5.000,5.000,-1.000,-1.000,42,-1,-1,5.000,5.000,210.000),('DataHunterDistributed','201909131732','Total_Unused_Policy_Count','DATAPOINT',5.000,21.238,14.000,-1.000,-1.000,42,-1,-1,22.000,5.000,892.000),('DataHunterDistributed','201909131732','localhost','CPU_UTIL',23.000,50.091,40.000,-1.000,0.000,11,-1,-1,35.000,40.000,551.000),('DataHunterDistributed','201909161649','DH-lifecycle-0001-initiate-deleteMultiplePolicies','TRANSACTION',0.146,0.172,0.211,0.020,0.211,6,0,0,-1.000,-1.000,-1.000),('DataHunterDistributed','201909161649','DH-lifecycle-0100-deleteMultiplePolicies','TRANSACTION',0.101,0.139,0.255,0.030,0.184,68,0,0,-1.000,-1.000,-1.000),('DataHunterDistributed','201909161649','DH-lifecycle-0200-addPolicy','TRANSACTION',0.328,0.384,0.628,0.034,0.421,215,0,0,-1.000,-1.000,-1.000),('DataHunterDistributed','201909161649','DH-lifecycle-0299-sometimes-I-fail','TRANSACTION',0.000,0.000,0.000,0.000,0.000,32,11,0,-1.000,-1.000,-1.000),('DataHunterDistributed','201909161649','DH-lifecycle-0300-countUnusedPolicies','TRANSACTION',0.109,0.127,0.342,0.035,0.140,43,0,0,-1.000,-1.000,-1.000),('DataHunterDistributed','201909161649','DH-lifecycle-0350-countUnusedPoliciesCurrentThread','TRANSACTION',0.105,0.129,0.245,0.021,0.140,43,0,0,-1.000,-1.000,-1.000),('DataHunterDistributed','201909161649','DH-lifecycle-0400-lookupNextPolicy','TRANSACTION',0.179,0.208,0.248,0.015,0.232,43,0,0,-1.000,-1.000,-1.000),('DataHunterDistributed','201909161649','DH-lifecycle-0500-useNextPolicy','TRANSACTION',0.183,0.202,0.227,0.011,0.216,43,0,0,-1.000,-1.000,-1.000),('DataHunterDistributed','201909161649','DH-lifecycle-9999-finalize-deleteMultiplePolicies','TRANSACTION',0.105,0.118,0.133,0.010,0.133,6,0,0,-1.000,-1.000,-1.000),('DataHunterDistributed','201909161649','Memory_localhost_FreePhysicalG','MEMORY',9.000,18.455,27.000,-1.000,-1.000,11,-1,-1,27.000,27.000,203.000),('DataHunterDistributed','201909161649','Memory_localhost_FreeVirtualG','MEMORY',7.000,19.727,31.000,-1.000,-1.000,11,-1,-1,30.000,31.000,217.000),('DataHunterDistributed','201909161649','This_Thread_Unused_Policy_Count','DATAPOINT',5.000,5.000,5.000,-1.000,-1.000,43,-1,-1,5.000,5.000,215.000),('DataHunterDistributed','201909161649','Total_Unused_Policy_Count','DATAPOINT',10.000,22.256,13.000,-1.000,-1.000,43,-1,-1,19.000,10.000,957.000),('DataHunterDistributed','201909161649','localhost','CPU_UTIL',33.000,58.727,39.000,-1.000,0.000,11,-1,-1,33.000,39.000,646.000),('DataHunterDistributed','201909161732','DH-lifecycle-0001-initiate-deleteMultiplePolicies','TRANSACTION',0.143,0.169,0.205,0.020,0.205,6,0,0,-1.000,-1.000,-1.000),('DataHunterDistributed','201909161732','DH-lifecycle-0100-deleteMultiplePolicies','TRANSACTION',0.105,0.135,0.263,0.029,0.169,64,0,0,-1.000,-1.000,-1.000),('DataHunterDistributed','201909161732','DH-lifecycle-0200-addPolicy','TRANSACTION',0.323,0.375,0.632,0.035,0.417,205,0,0,-1.000,-1.000,-1.000),('DataHunterDistributed','201909161732','DH-lifecycle-0299-sometimes-I-fail','TRANSACTION',0.000,0.000,0.000,0.000,0.000,30,11,0,-1.000,-1.000,-1.000),('DataHunterDistributed','201909161732','DH-lifecycle-0300-countUnusedPolicies','TRANSACTION',0.101,0.122,0.301,0.031,0.129,41,0,0,-1.000,-1.000,-1.000),('DataHunterDistributed','201909161732','DH-lifecycle-0350-countUnusedPoliciesCurrentThread','TRANSACTION',0.106,0.127,0.155,0.012,0.139,41,0,0,-1.000,-1.000,-1.000),('DataHunterDistributed','201909161732','DH-lifecycle-0400-lookupNextPolicy','TRANSACTION',0.155,0.201,0.236,0.016,0.225,41,0,0,-1.000,-1.000,-1.000),('DataHunterDistributed','201909161732','DH-lifecycle-0500-useNextPolicy','TRANSACTION',0.169,0.197,0.237,0.015,0.217,41,0,0,-1.000,-1.000,-1.000),('DataHunterDistributed','201909161732','DH-lifecycle-9999-finalize-deleteMultiplePolicies','TRANSACTION',0.105,0.116,0.138,0.011,0.138,6,0,0,-1.000,-1.000,-1.000),('DataHunterDistributed','201909161732','Memory_localhost_FreePhysicalG','MEMORY',8.000,18.182,26.000,-1.000,-1.000,11,-1,-1,27.000,26.000,200.000),('DataHunterDistributed','201909161732','Memory_localhost_FreeVirtualG','MEMORY',7.000,19.545,30.000,-1.000,-1.000,11,-1,-1,30.000,30.000,215.000),('DataHunterDistributed','201909161732','This_Thread_Unused_Policy_Count','DATAPOINT',5.000,5.000,5.000,-1.000,-1.000,41,-1,-1,5.000,5.000,205.000),('DataHunterDistributed','201909161732','Total_Unused_Policy_Count','DATAPOINT',6.000,21.634,17.000,-1.000,-1.000,41,-1,-1,17.000,6.000,887.000),('DataHunterDistributed','201909161732','localhost','CPU_UTIL',30.000,52.455,32.000,-1.000,0.000,11,-1,-1,35.000,32.000,577.000),('DataHunterDistributed','201910071732','DH-lifecycle-0001-initiate-deleteMultiplePolicies','TRANSACTION',0.122,0.148,0.195,0.024,0.195,7,0,0,-1.000,-1.000,-1.000),('DataHunterDistributed','201910071732','DH-lifecycle-0100-deleteMultiplePolicies','TRANSACTION',0.088,0.123,0.198,0.027,0.162,67,0,0,-1.000,-1.000,-1.000),('DataHunterDistributed','201910071732','DH-lifecycle-0200-addPolicy','TRANSACTION',0.277,0.340,0.551,0.039,0.389,220,0,0,-1.000,-1.000,-1.000),('DataHunterDistributed','201910071732','DH-lifecycle-0299-sometimes-I-fail','TRANSACTION',0.000,0.000,0.000,0.000,0.000,31,13,0,-1.000,-1.000,-1.000),('DataHunterDistributed','201910071732','DH-lifecycle-0300-countUnusedPolicies','TRANSACTION',0.093,0.108,0.171,0.014,0.124,44,0,0,-1.000,-1.000,-1.000),('DataHunterDistributed','201910071732','DH-lifecycle-0350-countUnusedPoliciesCurrentThread','TRANSACTION',0.088,0.122,0.277,0.035,0.144,44,0,0,-1.000,-1.000,-1.000),('DataHunterDistributed','201910071732','DH-lifecycle-0400-lookupNextPolicy','TRANSACTION',0.152,0.187,0.240,0.021,0.216,44,0,0,-1.000,-1.000,-1.000),('DataHunterDistributed','201910071732','DH-lifecycle-0500-useNextPolicy','TRANSACTION',0.153,0.187,0.325,0.033,0.215,44,0,0,-1.000,-1.000,-1.000),('DataHunterDistributed','201910071732','DH-lifecycle-9999-finalize-deleteMultiplePolicies','TRANSACTION',0.090,0.104,0.115,0.009,0.115,7,0,0,-1.000,-1.000,-1.000),('DataHunterDistributed','201910071732','Memory_localhost_FreePhysicalG','MEMORY',10.000,17.455,26.000,-1.000,-1.000,11,-1,-1,11.000,10.000,192.000),('DataHunterDistributed','201910071732','Memory_localhost_FreeVirtualG','MEMORY',9.000,18.818,10.000,-1.000,-1.000,11,-1,-1,10.000,10.000,207.000),('DataHunterDistributed','201910071732','This_Thread_Unused_Policy_Count','DATAPOINT',5.000,5.000,5.000,-1.000,-1.000,44,-1,-1,5.000,5.000,220.000),('DataHunterDistributed','201910071732','Total_Unused_Policy_Count','DATAPOINT',14.000,20.432,19.000,-1.000,-1.000,44,-1,-1,15.000,19.000,899.000),('DataHunterDistributed','201910071732','localhost','CPU_UTIL',34.000,48.727,42.000,-1.000,0.000,11,-1,-1,35.000,34.000,536.000),('DataHunterDistributed','201910081732','DH-lifecycle-0001-initiate-deleteMultiplePolicies','TRANSACTION',0.132,0.149,0.157,0.010,0.157,6,0,0,-1.000,-1.000,-1.000),('DataHunterDistributed','201910081732','DH-lifecycle-0100-deleteMultiplePolicies','TRANSACTION',0.098,0.130,0.222,0.026,0.163,66,0,0,-1.000,-1.000,-1.000),('DataHunterDistributed','201910081732','DH-lifecycle-0200-addPolicy','TRANSACTION',0.309,0.357,0.528,0.033,0.396,210,0,0,-1.000,-1.000,-1.000),('DataHunterDistributed','201910081732','DH-lifecycle-0299-sometimes-I-fail','TRANSACTION',0.000,0.000,0.001,0.000,0.000,31,11,0,-1.000,-1.000,-1.000),('DataHunterDistributed','201910081732','DH-lifecycle-0300-countUnusedPolicies','TRANSACTION',0.098,0.112,0.140,0.009,0.124,42,0,0,-1.000,-1.000,-1.000),('DataHunterDistributed','201910081732','DH-lifecycle-0350-countUnusedPoliciesCurrentThread','TRANSACTION',0.099,0.124,0.193,0.018,0.145,42,0,0,-1.000,-1.000,-1.000),('DataHunterDistributed','201910081732','DH-lifecycle-0400-lookupNextPolicy','TRANSACTION',0.166,0.202,0.242,0.016,0.227,42,0,0,-1.000,-1.000,-1.000),('DataHunterDistributed','201910081732','DH-lifecycle-0500-useNextPolicy','TRANSACTION',0.168,0.207,0.435,0.049,0.246,42,0,0,-1.000,-1.000,-1.000),('DataHunterDistributed','201910081732','DH-lifecycle-9999-finalize-deleteMultiplePolicies','TRANSACTION',0.099,0.112,0.143,0.016,0.143,6,0,0,-1.000,-1.000,-1.000),('DataHunterDistributed','201910081732','Memory_localhost_FreePhysicalG','MEMORY',9.000,18.182,10.000,-1.000,-1.000,11,-1,-1,29.000,10.000,200.000),('DataHunterDistributed','201910081732','Memory_localhost_FreeVirtualG','MEMORY',9.000,18.818,10.000,-1.000,-1.000,11,-1,-1,31.000,10.000,207.000),('DataHunterDistributed','201910081732','This_Thread_Unused_Policy_Count','DATAPOINT',5.000,5.000,5.000,-1.000,-1.000,42,-1,-1,5.000,5.000,210.000),('DataHunterDistributed','201910081732','Total_Unused_Policy_Count','DATAPOINT',10.000,22.571,23.000,-1.000,-1.000,42,-1,-1,17.000,23.000,948.000),('DataHunterDistributed','201910081732','localhost','CPU_UTIL',16.000,51.455,30.000,-1.000,0.000,11,-1,-1,16.000,30.000,566.000),('DataHunterDistributed','201910091309','DH-lifecycle-0001-gotoDeleteMultiplePoliciesUrl','TRANSACTION',0.014,0.349,1.009,0.430,0.942,48,0,0,-1.000,-1.000,-1.000),('DataHunterDistributed','201910091309','DH-lifecycle-0100-deleteMultiplePolicies','TRANSACTION',0.113,0.138,0.222,0.021,0.162,48,0,0,-1.000,-1.000,-1.000),('DataHunterDistributed','201910091309','DH-lifecycle-0200-addPolicy','TRANSACTION',0.105,0.120,0.149,0.009,0.134,150,0,0,-1.000,-1.000,-1.000),('DataHunterDistributed','201910091309','DH-lifecycle-0299-sometimes-I-fail','TRANSACTION',0.000,0.000,0.000,0.000,0.000,23,7,0,-1.000,-1.000,-1.000),('DataHunterDistributed','201910091309','DH-lifecycle-0300-countUnusedPolicies','TRANSACTION',0.113,0.126,0.148,0.009,0.137,30,0,0,-1.000,-1.000,-1.000),('DataHunterDistributed','201910091309','DH-lifecycle-0400-countUnusedPoliciesCurrentThread','TRANSACTION',0.116,0.129,0.158,0.010,0.144,30,0,0,-1.000,-1.000,-1.000),('DataHunterDistributed','201910091309','DH-lifecycle-0500-useNextPolicy','TRANSACTION',0.112,0.128,0.146,0.009,0.140,30,0,0,-1.000,-1.000,-1.000),('DataHunterDistributed','201910091309','DH-lifecycle-0600-displaySelectedPolicies','TRANSACTION',0.122,0.133,0.152,0.010,0.146,12,0,0,-1.000,-1.000,-1.000),('DataHunterDistributed','201910091309','DH-lifecycle-9999-finalize-deleteMultiplePolicies','TRANSACTION',0.115,0.126,0.133,0.006,0.133,6,0,0,-1.000,-1.000,-1.000),('DataHunterDistributed','201910091309','Memory_localhost_FreePhysicalG','MEMORY',9.000,18.636,26.000,-1.000,-1.000,11,-1,-1,26.000,26.000,205.000),('DataHunterDistributed','201910091309','Memory_localhost_FreeVirtualG','MEMORY',8.000,19.727,29.000,-1.000,-1.000,11,-1,-1,29.000,29.000,217.000),('DataHunterDistributed','201910091309','This_Thread_Unused_Policy_Count','DATAPOINT',5.000,5.000,5.000,-1.000,-1.000,30,-1,-1,5.000,5.000,150.000),('DataHunterDistributed','201910091309','Total_Unused_Policy_Count','DATAPOINT',5.000,16.367,17.000,-1.000,-1.000,30,-1,-1,20.000,17.000,491.000),('DataHunterDistributed','201910091309','UNUSED-count-html-demo','TRANSACTION',0.004,0.011,0.019,0.005,0.019,12,0,0,-1.000,-1.000,-1.000),('DataHunterDistributed','201910091309','USED-count-html-demo','TRANSACTION',0.001,0.001,0.003,0.001,0.002,12,0,0,-1.000,-1.000,-1.000),('DataHunterDistributed','201910091309','localhost','CPU_UTIL',11.000,29.909,31.000,-1.000,0.000,11,-1,-1,28.000,11.000,329.000),('DataHunterDistributed','201910091606','DH-lifecycle-0001-gotoDeleteMultiplePoliciesUrl','TRANSACTION',0.013,0.340,0.958,0.428,0.935,52,0,0,-1.000,-1.000,-1.000),('DataHunterDistributed','201910091606','DH-lifecycle-0100-deleteMultiplePolicies','TRANSACTION',0.109,0.141,0.410,0.043,0.170,52,0,0,-1.000,-1.000,-1.000),('DataHunterDistributed','201910091606','DH-lifecycle-0200-addPolicy','TRANSACTION',0.100,0.119,0.167,0.010,0.131,165,0,0,-1.000,-1.000,-1.000),('DataHunterDistributed','201910091606','DH-lifecycle-0299-sometimes-I-fail','TRANSACTION',0.000,0.000,0.000,0.000,0.000,26,7,0,-1.000,-1.000,-1.000),('DataHunterDistributed','201910091606','DH-lifecycle-0300-countUnusedPolicies','TRANSACTION',0.111,0.124,0.136,0.006,0.131,33,0,0,-1.000,-1.000,-1.000),('DataHunterDistributed','201910091606','DH-lifecycle-0400-countUnusedPoliciesCurrentThread','TRANSACTION',0.111,0.130,0.160,0.010,0.141,33,0,0,-1.000,-1.000,-1.000),('DataHunterDistributed','201910091606','DH-lifecycle-0500-useNextPolicy','TRANSACTION',0.111,0.127,0.218,0.018,0.136,33,0,0,-1.000,-1.000,-1.000),('DataHunterDistributed','201910091606','DH-lifecycle-0600-displaySelectedPolicies','TRANSACTION',0.119,0.132,0.147,0.007,0.142,12,0,0,-1.000,-1.000,-1.000),('DataHunterDistributed','201910091606','DH-lifecycle-9999-finalize-deleteMultiplePolicies','TRANSACTION',0.118,0.128,0.137,0.006,0.137,7,0,0,-1.000,-1.000,-1.000),('DataHunterDistributed','201910091606','Memory_localhost_FreePhysicalG','MEMORY',9.000,17.727,28.000,-1.000,-1.000,11,-1,-1,29.000,9.000,195.000),('DataHunterDistributed','201910091606','Memory_localhost_FreeVirtualG','MEMORY',8.000,18.636,9.000,-1.000,-1.000,11,-1,-1,31.000,9.000,205.000),('DataHunterDistributed','201910091606','This_Thread_Unused_Policy_Count','DATAPOINT',5.000,5.000,5.000,-1.000,-1.000,33,-1,-1,5.000,5.000,165.000),('DataHunterDistributed','201910091606','Total_Unused_Policy_Count','DATAPOINT',5.000,15.545,11.000,-1.000,-1.000,33,-1,-1,20.000,5.000,513.000),('DataHunterDistributed','201910091606','UNUSED-count-html-demo','TRANSACTION',0.004,0.010,0.020,0.005,0.018,12,0,0,-1.000,-1.000,-1.000),('DataHunterDistributed','201910091606','USED-count-html-demo','TRANSACTION',0.001,0.001,0.002,0.000,0.002,12,0,0,-1.000,-1.000,-1.000),('DataHunterDistributed','201910091606','localhost','CPU_UTIL',19.000,30.000,37.000,-1.000,0.000,11,-1,-1,21.000,19.000,330.000),('DataHunterDistributed','201910091706','DH-lifecycle-0001-gotoDeleteMultiplePoliciesUrl','TRANSACTION',0.014,0.343,0.966,0.430,0.924,52,0,0,-1.000,-1.000,-1.000),('DataHunterDistributed','201910091706','DH-lifecycle-0100-deleteMultiplePolicies','TRANSACTION',0.117,0.148,0.327,0.041,0.186,52,0,0,-1.000,-1.000,-1.000),('DataHunterDistributed','201910091706','DH-lifecycle-0200-addPolicy','TRANSACTION',0.107,0.123,0.187,0.010,0.134,165,0,0,-1.000,-1.000,-1.000),('DataHunterDistributed','201910091706','DH-lifecycle-0299-sometimes-I-fail','TRANSACTION',0.000,0.000,0.000,0.000,0.000,23,10,0,-1.000,-1.000,-1.000),('DataHunterDistributed','201910091706','DH-lifecycle-0300-countUnusedPolicies','TRANSACTION',0.116,0.130,0.164,0.010,0.145,33,0,0,-1.000,-1.000,-1.000),('DataHunterDistributed','201910091706','DH-lifecycle-0400-countUnusedPoliciesCurrentThread','TRANSACTION',0.114,0.138,0.178,0.014,0.150,33,0,0,-1.000,-1.000,-1.000),('DataHunterDistributed','201910091706','DH-lifecycle-0500-useNextPolicy','TRANSACTION',0.116,0.133,0.192,0.014,0.146,33,0,0,-1.000,-1.000,-1.000),('DataHunterDistributed','201910091706','DH-lifecycle-0600-displaySelectedPolicies','TRANSACTION',0.125,0.136,0.148,0.007,0.146,12,0,0,-1.000,-1.000,-1.000),('DataHunterDistributed','201910091706','DH-lifecycle-9999-finalize-deleteMultiplePolicies','TRANSACTION',0.119,0.129,0.137,0.006,0.137,7,0,0,-1.000,-1.000,-1.000),('DataHunterDistributed','201910091706','Memory_localhost_FreePhysicalG','MEMORY',9.000,17.273,27.000,-1.000,-1.000,11,-1,-1,27.000,9.000,190.000),('DataHunterDistributed','201910091706','Memory_localhost_FreeVirtualG','MEMORY',8.000,18.000,9.000,-1.000,-1.000,11,-1,-1,29.000,9.000,198.000),('DataHunterDistributed','201910091706','This_Thread_Unused_Policy_Count','DATAPOINT',5.000,5.000,5.000,-1.000,-1.000,33,-1,-1,5.000,5.000,165.000),('DataHunterDistributed','201910091706','Total_Unused_Policy_Count','DATAPOINT',5.000,17.909,9.000,-1.000,-1.000,33,-1,-1,20.000,5.000,591.000),('DataHunterDistributed','201910091706','UNUSED-count-html-demo','TRANSACTION',0.004,0.012,0.021,0.006,0.020,12,0,0,-1.000,-1.000,-1.000),('DataHunterDistributed','201910091706','USED-count-html-demo','TRANSACTION',0.001,0.001,0.003,0.001,0.002,12,0,0,-1.000,-1.000,-1.000),('DataHunterDistributed','201910091706','localhost','CPU_UTIL',13.000,30.182,32.000,-1.000,0.000,11,-1,-1,24.000,13.000,332.000),('DataHunterDistributed','201910091806','DH-lifecycle-0001-gotoDeleteMultiplePoliciesUrl','TRANSACTION',0.013,0.355,0.988,0.436,0.922,50,0,0,-1.000,-1.000,-1.000),('DataHunterDistributed','201910091806','DH-lifecycle-0100-deleteMultiplePolicies','TRANSACTION',0.110,0.132,0.196,0.022,0.159,50,0,0,-1.000,-1.000,-1.000),('DataHunterDistributed','201910091806','DH-lifecycle-0200-addPolicy','TRANSACTION',0.104,0.116,0.136,0.007,0.126,155,0,0,-1.000,-1.000,-1.000),('DataHunterDistributed','201910091806','DH-lifecycle-0299-sometimes-I-fail','TRANSACTION',0.000,0.000,0.000,0.000,0.000,22,9,0,-1.000,-1.000,-1.000),('DataHunterDistributed','201910091806','DH-lifecycle-0300-countUnusedPolicies','TRANSACTION',0.113,0.122,0.141,0.006,0.130,31,0,0,-1.000,-1.000,-1.000),('DataHunterDistributed','201910091806','DH-lifecycle-0400-countUnusedPoliciesCurrentThread','TRANSACTION',0.111,0.127,0.146,0.010,0.138,31,0,0,-1.000,-1.000,-1.000),('DataHunterDistributed','201910091806','DH-lifecycle-0500-useNextPolicy','TRANSACTION',0.107,0.120,0.137,0.006,0.126,31,0,0,-1.000,-1.000,-1.000),('DataHunterDistributed','201910091806','DH-lifecycle-0600-displaySelectedPolicies','TRANSACTION',0.119,0.129,0.140,0.006,0.136,13,0,0,-1.000,-1.000,-1.000),('DataHunterDistributed','201910091806','DH-lifecycle-9999-finalize-deleteMultiplePolicies','TRANSACTION',0.117,0.120,0.123,0.002,0.123,6,0,0,-1.000,-1.000,-1.000),('DataHunterDistributed','201910091806','Memory_localhost_FreePhysicalG','MEMORY',9.000,17.273,27.000,-1.000,-1.000,11,-1,-1,27.000,9.000,190.000),('DataHunterDistributed','201910091806','Memory_localhost_FreeVirtualG','MEMORY',8.000,17.909,9.000,-1.000,-1.000,11,-1,-1,29.000,9.000,197.000),('DataHunterDistributed','201910091806','This_Thread_Unused_Policy_Count','DATAPOINT',5.000,5.000,5.000,-1.000,-1.000,31,-1,-1,5.000,5.000,155.000),('DataHunterDistributed','201910091806','Total_Unused_Policy_Count','DATAPOINT',8.000,18.903,10.000,-1.000,-1.000,31,-1,-1,20.000,8.000,586.000),('DataHunterDistributed','201910091806','UNUSED-count-html-demo','TRANSACTION',0.004,0.013,0.024,0.005,0.020,13,0,0,-1.000,-1.000,-1.000),('DataHunterDistributed','201910091806','USED-count-html-demo','TRANSACTION',0.001,0.001,0.002,0.000,0.002,13,0,0,-1.000,-1.000,-1.000),('DataHunterDistributed','201910091806','localhost','CPU_UTIL',24.000,32.364,25.000,-1.000,0.000,11,-1,-1,25.000,25.000,356.000),('DataHunterDistributed','201910091906','DH-lifecycle-0001-gotoDeleteMultiplePoliciesUrl','TRANSACTION',0.013,0.343,0.974,0.428,0.926,54,0,0,-1.000,-1.000,-1.000),('DataHunterDistributed','201910091906','DH-lifecycle-0100-deleteMultiplePolicies','TRANSACTION',0.111,0.129,0.182,0.016,0.146,54,0,0,-1.000,-1.000,-1.000),('DataHunterDistributed','201910091906','DH-lifecycle-0200-addPolicy','TRANSACTION',0.100,0.114,0.143,0.007,0.122,170,0,0,-1.000,-1.000,-1.000),('DataHunterDistributed','201910091906','DH-lifecycle-0299-sometimes-I-fail','TRANSACTION',0.000,0.000,0.000,0.000,0.000,25,9,0,-1.000,-1.000,-1.000),('DataHunterDistributed','201910091906','DH-lifecycle-0300-countUnusedPolicies','TRANSACTION',0.112,0.120,0.129,0.004,0.125,34,0,0,-1.000,-1.000,-1.000),('DataHunterDistributed','201910091906','DH-lifecycle-0400-countUnusedPoliciesCurrentThread','TRANSACTION',0.108,0.124,0.137,0.008,0.134,34,0,0,-1.000,-1.000,-1.000),('DataHunterDistributed','201910091906','DH-lifecycle-0500-useNextPolicy','TRANSACTION',0.110,0.119,0.131,0.005,0.126,34,0,0,-1.000,-1.000,-1.000),('DataHunterDistributed','201910091906','DH-lifecycle-0600-displaySelectedPolicies','TRANSACTION',0.122,0.132,0.154,0.008,0.139,13,0,0,-1.000,-1.000,-1.000),('DataHunterDistributed','201910091906','DH-lifecycle-9999-finalize-deleteMultiplePolicies','TRANSACTION',0.116,0.122,0.129,0.004,0.129,7,0,0,-1.000,-1.000,-1.000),('DataHunterDistributed','201910091906','Memory_localhost_FreePhysicalG','MEMORY',9.000,17.091,26.000,-1.000,-1.000,11,-1,-1,27.000,9.000,188.000),('DataHunterDistributed','201910091906','Memory_localhost_FreeVirtualG','MEMORY',9.000,18.091,29.000,-1.000,-1.000,11,-1,-1,29.000,9.000,199.000),('DataHunterDistributed','201910091906','This_Thread_Unused_Policy_Count','DATAPOINT',5.000,5.000,5.000,-1.000,-1.000,34,-1,-1,5.000,5.000,170.000),('DataHunterDistributed','201910091906','Total_Unused_Policy_Count','DATAPOINT',5.000,16.088,10.000,-1.000,-1.000,34,-1,-1,20.000,10.000,547.000),('DataHunterDistributed','201910091906','UNUSED-count-html-demo','TRANSACTION',0.004,0.013,0.022,0.005,0.021,13,0,0,-1.000,-1.000,-1.000),('DataHunterDistributed','201910091906','USED-count-html-demo','TRANSACTION',0.001,0.001,0.002,0.000,0.002,13,0,0,-1.000,-1.000,-1.000),('DataHunterDistributed','201910091906','localhost','CPU_UTIL',21.000,31.545,35.000,-1.000,0.000,11,-1,-1,21.000,35.000,347.000),('DataHunterDistributed','201910092006','DH-lifecycle-0001-gotoDeleteMultiplePoliciesUrl','TRANSACTION',0.013,0.339,1.009,0.429,0.934,52,0,0,-1.000,-1.000,-1.000),('DataHunterDistributed','201910092006','DH-lifecycle-0100-deleteMultiplePolicies','TRANSACTION',0.106,0.131,0.188,0.018,0.153,52,0,0,-1.000,-1.000,-1.000),('DataHunterDistributed','201910092006','DH-lifecycle-0200-addPolicy','TRANSACTION',0.103,0.115,0.137,0.006,0.123,165,0,0,-1.000,-1.000,-1.000),('DataHunterDistributed','201910092006','DH-lifecycle-0299-sometimes-I-fail','TRANSACTION',0.000,0.000,0.001,0.000,0.000,24,9,0,-1.000,-1.000,-1.000),('DataHunterDistributed','201910092006','DH-lifecycle-0300-countUnusedPolicies','TRANSACTION',0.110,0.122,0.142,0.007,0.132,33,0,0,-1.000,-1.000,-1.000),('DataHunterDistributed','201910092006','DH-lifecycle-0400-countUnusedPoliciesCurrentThread','TRANSACTION',0.110,0.125,0.137,0.007,0.136,33,0,0,-1.000,-1.000,-1.000),('DataHunterDistributed','201910092006','DH-lifecycle-0500-useNextPolicy','TRANSACTION',0.105,0.122,0.147,0.009,0.132,33,0,0,-1.000,-1.000,-1.000),('DataHunterDistributed','201910092006','DH-lifecycle-0600-displaySelectedPolicies','TRANSACTION',0.124,0.133,0.147,0.007,0.141,12,0,0,-1.000,-1.000,-1.000),('DataHunterDistributed','201910092006','DH-lifecycle-9999-finalize-deleteMultiplePolicies','TRANSACTION',0.113,0.119,0.125,0.005,0.125,7,0,0,-1.000,-1.000,-1.000),('DataHunterDistributed','201910092006','Memory_localhost_FreePhysicalG','MEMORY',9.000,17.182,27.000,-1.000,-1.000,11,-1,-1,27.000,9.000,189.000),('DataHunterDistributed','201910092006','Memory_localhost_FreeVirtualG','MEMORY',9.000,18.091,29.000,-1.000,-1.000,11,-1,-1,29.000,9.000,199.000),('DataHunterDistributed','201910092006','This_Thread_Unused_Policy_Count','DATAPOINT',5.000,5.000,5.000,-1.000,-1.000,33,-1,-1,5.000,5.000,165.000),('DataHunterDistributed','201910092006','Total_Unused_Policy_Count','DATAPOINT',5.000,18.333,14.000,-1.000,-1.000,33,-1,-1,20.000,14.000,605.000),('DataHunterDistributed','201910092006','UNUSED-count-html-demo','TRANSACTION',0.004,0.014,0.028,0.008,0.025,12,0,0,-1.000,-1.000,-1.000),('DataHunterDistributed','201910092006','USED-count-html-demo','TRANSACTION',0.001,0.001,0.002,0.000,0.002,12,0,0,-1.000,-1.000,-1.000),('DataHunterDistributed','201910092006','localhost','CPU_UTIL',14.000,30.455,32.000,-1.000,0.000,11,-1,-1,29.000,32.000,335.000),('DataHunterDistributed','201910092106','DH-lifecycle-0001-gotoDeleteMultiplePoliciesUrl','TRANSACTION',0.013,0.348,0.976,0.426,0.927,50,0,0,-1.000,-1.000,-1.000),('DataHunterDistributed','201910092106','DH-lifecycle-0100-deleteMultiplePolicies','TRANSACTION',0.111,0.129,0.170,0.015,0.151,50,0,0,-1.000,-1.000,-1.000),('DataHunterDistributed','201910092106','DH-lifecycle-0200-addPolicy','TRANSACTION',0.103,0.115,0.133,0.006,0.124,155,0,0,-1.000,-1.000,-1.000),('DataHunterDistributed','201910092106','DH-lifecycle-0299-sometimes-I-fail','TRANSACTION',0.000,0.000,0.000,0.000,0.000,20,11,0,-1.000,-1.000,-1.000),('DataHunterDistributed','201910092106','DH-lifecycle-0300-countUnusedPolicies','TRANSACTION',0.114,0.121,0.133,0.004,0.125,31,0,0,-1.000,-1.000,-1.000),('DataHunterDistributed','201910092106','DH-lifecycle-0400-countUnusedPoliciesCurrentThread','TRANSACTION',0.113,0.127,0.167,0.009,0.136,31,0,0,-1.000,-1.000,-1.000),('DataHunterDistributed','201910092106','DH-lifecycle-0500-useNextPolicy','TRANSACTION',0.113,0.122,0.135,0.005,0.132,31,0,0,-1.000,-1.000,-1.000),('DataHunterDistributed','201910092106','DH-lifecycle-0600-displaySelectedPolicies','TRANSACTION',0.123,0.131,0.141,0.006,0.141,13,0,0,-1.000,-1.000,-1.000),('DataHunterDistributed','201910092106','DH-lifecycle-9999-finalize-deleteMultiplePolicies','TRANSACTION',0.116,0.123,0.130,0.005,0.130,6,0,0,-1.000,-1.000,-1.000),('DataHunterDistributed','201910092106','Memory_localhost_FreePhysicalG','MEMORY',9.000,17.182,26.000,-1.000,-1.000,11,-1,-1,27.000,9.000,189.000),('DataHunterDistributed','201910092106','Memory_localhost_FreeVirtualG','MEMORY',9.000,18.091,29.000,-1.000,-1.000,11,-1,-1,29.000,9.000,199.000),('DataHunterDistributed','201910092106','This_Thread_Unused_Policy_Count','DATAPOINT',5.000,5.000,5.000,-1.000,-1.000,31,-1,-1,5.000,5.000,155.000),('DataHunterDistributed','201910092106','Total_Unused_Policy_Count','DATAPOINT',5.000,15.968,11.000,-1.000,-1.000,31,-1,-1,20.000,5.000,495.000),('DataHunterDistributed','201910092106','UNUSED-count-html-demo','TRANSACTION',0.004,0.011,0.022,0.005,0.019,13,0,0,-1.000,-1.000,-1.000),('DataHunterDistributed','201910092106','USED-count-html-demo','TRANSACTION',0.001,0.001,0.003,0.001,0.002,13,0,0,-1.000,-1.000,-1.000),('DataHunterDistributed','201910092106','localhost','CPU_UTIL',22.000,30.727,32.000,-1.000,0.000,11,-1,-1,27.000,22.000,338.000),('DataHunterDistributed','201910092206','DH-lifecycle-0001-gotoDeleteMultiplePoliciesUrl','TRANSACTION',0.012,0.346,0.952,0.423,0.911,50,0,0,-1.000,-1.000,-1.000),('DataHunterDistributed','201910092206','DH-lifecycle-0100-deleteMultiplePolicies','TRANSACTION',0.110,0.130,0.221,0.021,0.159,50,0,0,-1.000,-1.000,-1.000),('DataHunterDistributed','201910092206','DH-lifecycle-0200-addPolicy','TRANSACTION',0.102,0.116,0.171,0.010,0.126,155,0,0,-1.000,-1.000,-1.000),('DataHunterDistributed','201910092206','DH-lifecycle-0299-sometimes-I-fail','TRANSACTION',0.000,0.000,0.000,0.000,0.000,20,11,0,-1.000,-1.000,-1.000),('DataHunterDistributed','201910092206','DH-lifecycle-0300-countUnusedPolicies','TRANSACTION',0.115,0.121,0.136,0.006,0.129,31,0,0,-1.000,-1.000,-1.000),('DataHunterDistributed','201910092206','DH-lifecycle-0400-countUnusedPoliciesCurrentThread','TRANSACTION',0.110,0.126,0.149,0.008,0.135,31,0,0,-1.000,-1.000,-1.000),('DataHunterDistributed','201910092206','DH-lifecycle-0500-useNextPolicy','TRANSACTION',0.110,0.120,0.137,0.007,0.128,31,0,0,-1.000,-1.000,-1.000),('DataHunterDistributed','201910092206','DH-lifecycle-0600-displaySelectedPolicies','TRANSACTION',0.118,0.130,0.145,0.008,0.143,13,0,0,-1.000,-1.000,-1.000),('DataHunterDistributed','201910092206','DH-lifecycle-9999-finalize-deleteMultiplePolicies','TRANSACTION',0.122,0.130,0.142,0.007,0.142,6,0,0,-1.000,-1.000,-1.000),('DataHunterDistributed','201910092206','Memory_localhost_FreePhysicalG','MEMORY',9.000,18.818,27.000,-1.000,-1.000,11,-1,-1,27.000,27.000,207.000),('DataHunterDistributed','201910092206','Memory_localhost_FreeVirtualG','MEMORY',9.000,19.909,29.000,-1.000,-1.000,11,-1,-1,29.000,29.000,219.000),('DataHunterDistributed','201910092206','This_Thread_Unused_Policy_Count','DATAPOINT',5.000,5.000,5.000,-1.000,-1.000,31,-1,-1,5.000,5.000,155.000),('DataHunterDistributed','201910092206','Total_Unused_Policy_Count','DATAPOINT',8.000,16.742,9.000,-1.000,-1.000,31,-1,-1,20.000,9.000,519.000),('DataHunterDistributed','201910092206','UNUSED-count-html-demo','TRANSACTION',0.004,0.010,0.018,0.004,0.016,13,0,0,-1.000,-1.000,-1.000),('DataHunterDistributed','201910092206','USED-count-html-demo','TRANSACTION',0.001,0.001,0.002,0.000,0.002,13,0,0,-1.000,-1.000,-1.000),('DataHunterDistributed','201910092206','localhost','CPU_UTIL',16.000,31.818,35.000,-1.000,0.000,11,-1,-1,23.000,16.000,350.000),('DataHunterDistributed','201910092306','DH-lifecycle-0001-gotoDeleteMultiplePoliciesUrl','TRANSACTION',0.012,0.340,0.947,0.415,0.901,48,0,0,-1.000,-1.000,-1.000),('DataHunterDistributed','201910092306','DH-lifecycle-0100-deleteMultiplePolicies','TRANSACTION',0.108,0.133,0.171,0.017,0.160,48,0,0,-1.000,-1.000,-1.000),('DataHunterDistributed','201910092306','DH-lifecycle-0200-addPolicy','TRANSACTION',0.104,0.117,0.144,0.007,0.126,150,0,0,-1.000,-1.000,-1.000),('DataHunterDistributed','201910092306','DH-lifecycle-0299-sometimes-I-fail','TRANSACTION',0.000,0.000,0.000,0.000,0.000,27,3,0,-1.000,-1.000,-1.000),('DataHunterDistributed','201910092306','DH-lifecycle-0300-countUnusedPolicies','TRANSACTION',0.114,0.123,0.142,0.007,0.132,30,0,0,-1.000,-1.000,-1.000),('DataHunterDistributed','201910092306','DH-lifecycle-0400-countUnusedPoliciesCurrentThread','TRANSACTION',0.112,0.130,0.164,0.009,0.137,30,0,0,-1.000,-1.000,-1.000),('DataHunterDistributed','201910092306','DH-lifecycle-0500-useNextPolicy','TRANSACTION',0.111,0.125,0.143,0.008,0.137,30,0,0,-1.000,-1.000,-1.000),('DataHunterDistributed','201910092306','DH-lifecycle-0600-displaySelectedPolicies','TRANSACTION',0.122,0.138,0.164,0.011,0.153,12,0,0,-1.000,-1.000,-1.000),('DataHunterDistributed','201910092306','DH-lifecycle-9999-finalize-deleteMultiplePolicies','TRANSACTION',0.125,0.131,0.138,0.005,0.138,6,0,0,-1.000,-1.000,-1.000),('DataHunterDistributed','201910092306','Memory_localhost_FreePhysicalG','MEMORY',9.000,18.818,27.000,-1.000,-1.000,11,-1,-1,27.000,27.000,207.000),('DataHunterDistributed','201910092306','Memory_localhost_FreeVirtualG','MEMORY',9.000,19.909,29.000,-1.000,-1.000,11,-1,-1,29.000,29.000,219.000),('DataHunterDistributed','201910092306','This_Thread_Unused_Policy_Count','DATAPOINT',5.000,5.000,5.000,-1.000,-1.000,30,-1,-1,5.000,5.000,150.000),('DataHunterDistributed','201910092306','Total_Unused_Policy_Count','DATAPOINT',8.000,18.033,15.000,-1.000,-1.000,30,-1,-1,20.000,15.000,541.000),('DataHunterDistributed','201910092306','UNUSED-count-html-demo','TRANSACTION',0.004,0.013,0.019,0.005,0.019,12,0,0,-1.000,-1.000,-1.000),('DataHunterDistributed','201910092306','USED-count-html-demo','TRANSACTION',0.001,0.001,0.003,0.001,0.003,12,0,0,-1.000,-1.000,-1.000),('DataHunterDistributed','201910092306','localhost','CPU_UTIL',16.000,31.091,27.000,-1.000,0.000,11,-1,-1,28.000,27.000,342.000),('DataHunterDistributed','201910101006','DH-lifecycle-0001-gotoDeleteMultiplePoliciesUrl','TRANSACTION',0.015,0.344,1.075,0.433,0.964,52,0,0,-1.000,-1.000,-1.000),('DataHunterDistributed','201910101006','DH-lifecycle-0100-deleteMultiplePolicies','TRANSACTION',0.115,0.143,0.202,0.020,0.164,52,0,0,-1.000,-1.000,-1.000),('DataHunterDistributed','201910101006','DH-lifecycle-0200-addPolicy','TRANSACTION',0.108,0.127,0.163,0.010,0.141,165,0,0,-1.000,-1.000,-1.000),('DataHunterDistributed','201910101006','DH-lifecycle-0299-sometimes-I-fail','TRANSACTION',0.000,0.000,0.000,0.000,0.000,23,10,0,-1.000,-1.000,-1.000),('DataHunterDistributed','201910101006','DH-lifecycle-0300-countUnusedPolicies','TRANSACTION',0.120,0.135,0.160,0.011,0.151,33,0,0,-1.000,-1.000,-1.000),('DataHunterDistributed','201910101006','DH-lifecycle-0400-countUnusedPoliciesCurrentThread','TRANSACTION',0.117,0.138,0.164,0.012,0.154,33,0,0,-1.000,-1.000,-1.000),('DataHunterDistributed','201910101006','DH-lifecycle-0500-useNextPolicy','TRANSACTION',0.112,0.136,0.159,0.012,0.152,33,0,0,-1.000,-1.000,-1.000),('DataHunterDistributed','201910101006','DH-lifecycle-0600-displaySelectedPolicies','TRANSACTION',0.127,0.139,0.154,0.008,0.151,12,0,0,-1.000,-1.000,-1.000),('DataHunterDistributed','201910101006','DH-lifecycle-9999-finalize-deleteMultiplePolicies','TRANSACTION',0.123,0.134,0.153,0.010,0.153,7,0,0,-1.000,-1.000,-1.000),('DataHunterDistributed','201910101006','Memory_localhost_FreePhysicalG','MEMORY',9.000,18.364,26.000,-1.000,-1.000,11,-1,-1,26.000,26.000,202.000),('DataHunterDistributed','201910101006','Memory_localhost_FreeVirtualG','MEMORY',9.000,19.727,29.000,-1.000,-1.000,11,-1,-1,29.000,29.000,217.000),('DataHunterDistributed','201910101006','This_Thread_Unused_Policy_Count','DATAPOINT',5.000,5.000,5.000,-1.000,-1.000,33,-1,-1,5.000,5.000,165.000),('DataHunterDistributed','201910101006','Total_Unused_Policy_Count','DATAPOINT',5.000,15.091,12.000,-1.000,-1.000,33,-1,-1,18.000,5.000,498.000),('DataHunterDistributed','201910101006','UNUSED-count-html-demo','TRANSACTION',0.004,0.011,0.019,0.005,0.019,12,0,0,-1.000,-1.000,-1.000),('DataHunterDistributed','201910101006','USED-count-html-demo','TRANSACTION',0.001,0.001,0.002,0.000,0.001,12,0,0,-1.000,-1.000,-1.000),('DataHunterDistributed','201910101006','localhost','CPU_UTIL',10.000,31.636,42.000,-1.000,0.000,11,-1,-1,29.000,10.000,348.000),('DataHunterDistributed','201910101106','DH-lifecycle-0001-gotoDeleteMultiplePoliciesUrl','TRANSACTION',0.015,0.345,1.017,0.433,0.954,52,0,0,-1.000,-1.000,-1.000),('DataHunterDistributed','201910101106','DH-lifecycle-0100-deleteMultiplePolicies','TRANSACTION',0.121,0.147,0.293,0.027,0.170,52,0,0,-1.000,-1.000,-1.000),('DataHunterDistributed','201910101106','DH-lifecycle-0200-addPolicy','TRANSACTION',0.111,0.127,0.164,0.008,0.137,165,0,0,-1.000,-1.000,-1.000),('DataHunterDistributed','201910101106','DH-lifecycle-0299-sometimes-I-fail','TRANSACTION',0.000,0.000,0.001,0.000,0.000,29,4,0,-1.000,-1.000,-1.000),('DataHunterDistributed','201910101106','DH-lifecycle-0300-countUnusedPolicies','TRANSACTION',0.123,0.135,0.152,0.008,0.145,33,0,0,-1.000,-1.000,-1.000),('DataHunterDistributed','201910101106','DH-lifecycle-0400-countUnusedPoliciesCurrentThread','TRANSACTION',0.126,0.140,0.179,0.011,0.154,33,0,0,-1.000,-1.000,-1.000),('DataHunterDistributed','201910101106','DH-lifecycle-0500-useNextPolicy','TRANSACTION',0.125,0.137,0.153,0.007,0.146,33,0,0,-1.000,-1.000,-1.000),('DataHunterDistributed','201910101106','DH-lifecycle-0600-displaySelectedPolicies','TRANSACTION',0.133,0.142,0.154,0.006,0.149,12,0,0,-1.000,-1.000,-1.000),('DataHunterDistributed','201910101106','DH-lifecycle-9999-finalize-deleteMultiplePolicies','TRANSACTION',0.122,0.131,0.140,0.006,0.140,7,0,0,-1.000,-1.000,-1.000),('DataHunterDistributed','201910101106','Memory_localhost_FreePhysicalG','MEMORY',9.000,18.273,26.000,-1.000,-1.000,11,-1,-1,26.000,26.000,201.000),('DataHunterDistributed','201910101106','Memory_localhost_FreeVirtualG','MEMORY',8.000,19.636,29.000,-1.000,-1.000,11,-1,-1,29.000,29.000,216.000),('DataHunterDistributed','201910101106','This_Thread_Unused_Policy_Count','DATAPOINT',5.000,5.000,5.000,-1.000,-1.000,33,-1,-1,5.000,5.000,165.000),('DataHunterDistributed','201910101106','Total_Unused_Policy_Count','DATAPOINT',5.000,17.485,12.000,-1.000,-1.000,33,-1,-1,20.000,12.000,577.000),('DataHunterDistributed','201910101106','UNUSED-count-html-demo','TRANSACTION',0.004,0.012,0.019,0.005,0.019,12,0,0,-1.000,-1.000,-1.000),('DataHunterDistributed','201910101106','USED-count-html-demo','TRANSACTION',0.001,0.002,0.004,0.001,0.002,12,0,0,-1.000,-1.000,-1.000),('DataHunterDistributed','201910101106','localhost','CPU_UTIL',17.000,30.818,22.000,-1.000,0.000,11,-1,-1,26.000,22.000,339.000),('DataHunterDistributed','201910101207','DH-lifecycle-0001-gotoDeleteMultiplePoliciesUrl','TRANSACTION',0.014,0.351,1.018,0.441,0.990,52,0,0,-1.000,-1.000,-1.000),('DataHunterDistributed','201910101207','DH-lifecycle-0100-deleteMultiplePolicies','TRANSACTION',0.119,0.147,0.203,0.020,0.179,52,0,0,-1.000,-1.000,-1.000),('DataHunterDistributed','201910101207','DH-lifecycle-0200-addPolicy','TRANSACTION',0.106,0.129,0.172,0.012,0.145,165,0,0,-1.000,-1.000,-1.000),('DataHunterDistributed','201910101207','DH-lifecycle-0299-sometimes-I-fail','TRANSACTION',0.000,0.000,0.000,0.000,0.000,27,6,0,-1.000,-1.000,-1.000),('DataHunterDistributed','201910101207','DH-lifecycle-0300-countUnusedPolicies','TRANSACTION',0.117,0.140,0.193,0.015,0.157,33,0,0,-1.000,-1.000,-1.000),('DataHunterDistributed','201910101207','DH-lifecycle-0400-countUnusedPoliciesCurrentThread','TRANSACTION',0.112,0.144,0.201,0.019,0.164,33,0,0,-1.000,-1.000,-1.000),('DataHunterDistributed','201910101207','DH-lifecycle-0500-useNextPolicy','TRANSACTION',0.112,0.142,0.229,0.020,0.160,33,0,0,-1.000,-1.000,-1.000),('DataHunterDistributed','201910101207','DH-lifecycle-0600-displaySelectedPolicies','TRANSACTION',0.133,0.143,0.165,0.010,0.162,12,0,0,-1.000,-1.000,-1.000),('DataHunterDistributed','201910101207','DH-lifecycle-9999-finalize-deleteMultiplePolicies','TRANSACTION',0.124,0.137,0.154,0.010,0.154,7,0,0,-1.000,-1.000,-1.000),('DataHunterDistributed','201910101207','Memory_localhost_FreePhysicalG','MEMORY',9.000,16.727,26.000,-1.000,-1.000,11,-1,-1,26.000,9.000,184.000),('DataHunterDistributed','201910101207','Memory_localhost_FreeVirtualG','MEMORY',8.000,17.818,9.000,-1.000,-1.000,11,-1,-1,29.000,9.000,196.000),('DataHunterDistributed','201910101207','This_Thread_Unused_Policy_Count','DATAPOINT',5.000,5.000,5.000,-1.000,-1.000,33,-1,-1,5.000,5.000,165.000),('DataHunterDistributed','201910101207','Total_Unused_Policy_Count','DATAPOINT',5.000,15.030,14.000,-1.000,-1.000,33,-1,-1,19.000,5.000,496.000),('DataHunterDistributed','201910101207','UNUSED-count-html-demo','DATAPOINT',4.000,11.833,19.000,-1.000,-1.000,12,-1,-1,18.000,4.000,142.000),('DataHunterDistributed','201910101207','USED-count-html-demo','DATAPOINT',1.000,1.167,2.000,-1.000,-1.000,12,-1,-1,2.000,1.000,14.000),('DataHunterDistributed','201910101207','localhost','CPU_UTIL',20.000,31.909,39.000,-1.000,0.000,11,-1,-1,32.000,20.000,351.000),('DataHunterDistributed','201910101306','DH-lifecycle-0001-gotoDeleteMultiplePoliciesUrl','TRANSACTION',0.015,0.351,1.019,0.432,0.956,48,0,0,-1.000,-1.000,-1.000),('DataHunterDistributed','201910101306','DH-lifecycle-0100-deleteMultiplePolicies','TRANSACTION',0.120,0.148,0.212,0.022,0.178,48,0,0,-1.000,-1.000,-1.000),('DataHunterDistributed','201910101306','DH-lifecycle-0200-addPolicy','TRANSACTION',0.111,0.129,0.156,0.010,0.140,150,0,0,-1.000,-1.000,-1.000),('DataHunterDistributed','201910101306','DH-lifecycle-0299-sometimes-I-fail','TRANSACTION',0.000,0.000,0.000,0.000,0.000,26,4,0,-1.000,-1.000,-1.000),('DataHunterDistributed','201910101306','DH-lifecycle-0300-countUnusedPolicies','TRANSACTION',0.118,0.146,0.244,0.028,0.153,30,0,0,-1.000,-1.000,-1.000),('DataHunterDistributed','201910101306','DH-lifecycle-0400-countUnusedPoliciesCurrentThread','TRANSACTION',0.123,0.146,0.188,0.018,0.175,30,0,0,-1.000,-1.000,-1.000),('DataHunterDistributed','201910101306','DH-lifecycle-0500-useNextPolicy','TRANSACTION',0.120,0.139,0.157,0.009,0.150,30,0,0,-1.000,-1.000,-1.000),('DataHunterDistributed','201910101306','DH-lifecycle-0600-displaySelectedPolicies','TRANSACTION',0.125,0.147,0.185,0.014,0.160,12,0,0,-1.000,-1.000,-1.000),('DataHunterDistributed','201910101306','DH-lifecycle-9999-finalize-deleteMultiplePolicies','TRANSACTION',0.125,0.132,0.144,0.007,0.144,6,0,0,-1.000,-1.000,-1.000),('DataHunterDistributed','201910101306','Memory_localhost_FreePhysicalG','MEMORY',9.000,18.273,26.000,-1.000,-1.000,11,-1,-1,26.000,26.000,201.000),('DataHunterDistributed','201910101306','Memory_localhost_FreeVirtualG','MEMORY',8.000,19.545,29.000,-1.000,-1.000,11,-1,-1,29.000,29.000,215.000),('DataHunterDistributed','201910101306','This_Thread_Unused_Policy_Count','DATAPOINT',5.000,5.000,5.000,-1.000,-1.000,30,-1,-1,5.000,5.000,150.000),('DataHunterDistributed','201910101306','Total_Unused_Policy_Count','DATAPOINT',5.000,16.700,8.000,-1.000,-1.000,30,-1,-1,18.000,8.000,501.000),('DataHunterDistributed','201910101306','UNUSED-count-html-demo','DATAPOINT',4.000,10.750,8.000,-1.000,-1.000,12,-1,-1,18.000,8.000,129.000),('DataHunterDistributed','201910101306','USED-count-html-demo','DATAPOINT',1.000,1.250,3.000,-1.000,-1.000,12,-1,-1,2.000,1.000,15.000),('DataHunterDistributed','201910101306','localhost','CPU_UTIL',22.000,34.000,38.000,-1.000,0.000,11,-1,-1,29.000,38.000,374.000);
 
